id,content_id,field_id,value,nested_array_index,created_at,updated_at
ff1f66fc-7f37-4f19-90c2-d5fd10dbead3,6ddd7298-7318-4b2d-9eb6-5b0fcf5e8f49,c508c40c-2fff-4eb4-8872-1444859ca1ae,特殊報,,2020-01-01T00:00:00.000Z,2025-10-09T16:00:47.887Z
70bcb4b6-8188-40e4-bf40-27d037b6fd61,f3d135fa-8160-4f58-9046-19a727a06652,c508c40c-2fff-4eb4-8872-1444859ca1ae,注意報,,2020-01-01T00:00:00.000Z,2025-10-09T16:00:47.887Z
e7d9d55e-7913-4d00-9531-93794b4bce09,bd683043-7476-4a14-b7b9-f507ca4eefa3,c508c40c-2fff-4eb4-8872-1444859ca1ae,特殊報,,2020-01-01T00:00:00.000Z,2025-10-09T16:00:47.887Z
15a01aec-ce5c-4af0-b6cc-c859ca270339,3b12d820-5cad-4ce4-bc94-af8b3cd16c2b,c508c40c-2fff-4eb4-8872-1444859ca1ae,特殊報,,2020-01-01T00:00:00.000Z,2025-10-09T16:00:47.887Z
008f0225-fbc5-471b-b700-fa82bdde2faa,2c2b5199-4fd7-4655-b898-5137fa1f35f6,c508c40c-2fff-4eb4-8872-1444859ca1ae,特殊報,,2020-01-01T00:00:00.000Z,2025-10-09T16:00:47.887Z
d704a899-f5ad-45e0-83a3-b64156eedaa9,009231b6-3e49-483c-be05-797fe61d697c,c508c40c-2fff-4eb4-8872-1444859ca1ae,注意報,,2020-01-01T00:00:00.000Z,2025-10-09T16:00:47.887Z
6e17a609-52b2-4959-96c8-7c040c8da41c,b24e78c3-4c68-415f-8d79-eae1b3cea880,c508c40c-2fff-4eb4-8872-1444859ca1ae,注意報,,2020-01-01T00:00:00.000Z,2025-10-09T16:00:47.887Z
eb3f1bcf-d7b8-4f6e-a7fd-7f73829808d4,9aa410ba-868b-4044-8e88-09cf4c684e58,c508c40c-2fff-4eb4-8872-1444859ca1ae,特殊報,,2020-01-01T00:00:00.000Z,2025-10-09T16:00:47.887Z
41f37200-59b2-4e68-804e-f9a9825da765,b5b5454f-dde4-4b3e-a0f2-a12342c2b7e6,c508c40c-2fff-4eb4-8872-1444859ca1ae,特殊報,,2020-01-01T00:00:00.000Z,2025-10-09T16:00:47.887Z
e771ab96-c588-4e49-bac7-65397e2d3cb0,4d2d7080-623a-4322-a192-0c39d258e0d1,c508c40c-2fff-4eb4-8872-1444859ca1ae,注意報,,2020-01-01T00:00:00.000Z,2025-10-09T16:00:47.887Z
6ff20aa5-9f04-4131-b48e-ab8de22c4a42,565dc0c0-5ed6-4614-95fb-1176d4cb585c,c508c40c-2fff-4eb4-8872-1444859ca1ae,特殊報,,2020-01-01T00:00:00.000Z,2025-10-09T16:00:47.887Z
36ec4cb7-0a86-46ce-baf1-4794e82d1bfc,f4bff411-2c8e-4f05-b03b-bf529cdde7b3,c508c40c-2fff-4eb4-8872-1444859ca1ae,注意報,,2020-01-01T00:00:00.000Z,2025-10-09T16:00:47.887Z
f80735af-d329-4747-a325-e01bc6c56d52,52780dec-7c97-4b01-bcd3-7c05f52e0344,c508c40c-2fff-4eb4-8872-1444859ca1ae,注意報,,2020-01-01T00:00:00.000Z,2025-10-09T16:00:47.887Z
6f47896f-e2ef-487c-92c8-3c56f90d1d14,7109ca74-6879-47b4-bd15-6d49d7db588a,c508c40c-2fff-4eb4-8872-1444859ca1ae,注意報,,2020-01-01T00:00:00.000Z,2025-10-09T16:00:47.887Z
4c138fc7-b563-4858-bc9b-9fb28f387b19,40448afb-c302-4f79-92d4-0d98e7d0f47d,c508c40c-2fff-4eb4-8872-1444859ca1ae,注意報,,2020-01-01T00:00:00.000Z,2025-10-09T16:00:47.887Z
f6d43bb7-3020-4a47-ad3e-f4b7d51e9470,eee3de99-a2d4-4aeb-9e96-8c45db42a98e,c508c40c-2fff-4eb4-8872-1444859ca1ae,特殊報,,2020-01-01T00:00:00.000Z,2025-10-09T16:00:47.887Z
a2fdc9d4-498c-4d9f-aeea-a1e0db953627,bdc78428-141d-4669-998f-829cc18d8312,c508c40c-2fff-4eb4-8872-1444859ca1ae,注意報,,2020-01-01T00:00:00.000Z,2025-10-09T16:00:47.887Z
747fab3e-6577-4eab-b72d-b1ce7785e76d,50cc3e19-9304-4923-9b1e-4c58bb37d6cc,c508c40c-2fff-4eb4-8872-1444859ca1ae,注意報,,2020-01-01T00:00:00.000Z,2025-10-09T16:00:47.887Z
63e847e2-3ed8-4a26-b93d-2fb24fb06828,77495aeb-4376-4161-95f8-40c863ed03cd,c508c40c-2fff-4eb4-8872-1444859ca1ae,注意報,,2020-01-01T00:00:00.000Z,2025-10-09T16:00:47.887Z
deb68aa0-a708-48c0-be6b-24621662c7f5,297b9074-ef07-420b-a08d-539ce4bb26f5,c508c40c-2fff-4eb4-8872-1444859ca1ae,注意報,,2020-01-01T00:00:00.000Z,2025-10-09T16:00:47.887Z
d3341c0c-3f3f-44f0-8357-656843676c20,5a393c04-e369-4385-b243-b93e318e85e0,c508c40c-2fff-4eb4-8872-1444859ca1ae,注意報,,2020-01-01T00:00:00.000Z,2025-10-09T16:00:47.887Z
2703d6c3-1d91-4d82-91f0-328649ed593e,fd745bf9-abe1-45b7-9b3b-0b92f3ab916d,c508c40c-2fff-4eb4-8872-1444859ca1ae,注意報,,2020-01-01T00:00:00.000Z,2025-10-09T16:00:47.887Z
376ec6a6-ede2-4961-a907-c51dda1a05e3,5e022cef-cd2d-4a71-8439-26a356ca829f,c508c40c-2fff-4eb4-8872-1444859ca1ae,特殊報,,2020-01-01T00:00:00.000Z,2025-10-09T16:00:47.887Z
b4732edd-9104-404b-a209-f6d4a6335da2,9839b000-d609-4491-86d9-57f24b772e0c,c508c40c-2fff-4eb4-8872-1444859ca1ae,注意報,,2020-01-01T00:00:00.000Z,2025-10-09T16:00:47.887Z
04a63bd1-cfc8-4e8f-9cad-297044cddcb3,1ad2959a-7e36-4010-997b-eac7c29010c3,c508c40c-2fff-4eb4-8872-1444859ca1ae,注意報,,2020-01-01T00:00:00.000Z,2025-10-09T16:00:47.887Z
d18790d6-1968-4b37-a158-6b3f60caab30,65c816dd-cc0f-49c6-aeef-aa2c07d46645,c508c40c-2fff-4eb4-8872-1444859ca1ae,注意報,,2020-01-01T00:00:00.000Z,2025-10-09T16:00:47.887Z
29559639-1d4e-4ce0-b199-c3c8099b71fb,2c600133-c44a-44ca-b1a0-c120642b72e3,c508c40c-2fff-4eb4-8872-1444859ca1ae,注意報,,2020-01-01T00:00:00.000Z,2025-10-09T16:00:47.887Z
cb002b17-acd9-44ec-abdd-d28ef24bbf7c,c55a057c-96c0-4179-bef8-8ea4cd829c1a,c508c40c-2fff-4eb4-8872-1444859ca1ae,特殊報,,2020-01-01T00:00:00.000Z,2025-10-09T16:00:47.887Z
628da980-5e23-4910-87f4-8b1d12f93523,9eb518fa-15a1-44fb-9c29-d1219f4f180c,c508c40c-2fff-4eb4-8872-1444859ca1ae,注意報,,2020-01-01T00:00:00.000Z,2025-10-09T16:00:47.887Z
d4dcce55-f9a5-4622-b39d-07e29787b825,ebf22bc4-808f-417b-86e1-0e8c7e430753,c508c40c-2fff-4eb4-8872-1444859ca1ae,注意報,,2020-01-01T00:00:00.000Z,2025-10-09T16:00:47.887Z
c3d48a05-a0a4-4a63-b4a4-d80898ac5618,52ff02c8-bfc7-48a6-9870-b344aa4f2ede,c508c40c-2fff-4eb4-8872-1444859ca1ae,注意報,,2020-01-01T00:00:00.000Z,2025-10-09T16:00:47.887Z
b274ab2e-7bdb-42b7-8272-c98dcb0ce87f,f32ba89e-b7fb-478e-9445-8b9bb55c8010,c508c40c-2fff-4eb4-8872-1444859ca1ae,注意報,,2020-01-01T00:00:00.000Z,2025-10-09T16:00:47.887Z
dde680ab-2b80-4cba-9e0a-c6d59afbe53b,f5a7727d-c590-406a-88de-a39a4f0691f2,c508c40c-2fff-4eb4-8872-1444859ca1ae,注意報,,2020-01-01T00:00:00.000Z,2025-10-09T16:00:47.887Z
a1fcc357-1885-4447-913d-10adc28d5716,cb279b38-d184-4f81-a984-75de653ec134,c508c40c-2fff-4eb4-8872-1444859ca1ae,注意報,,2020-01-01T00:00:00.000Z,2025-10-09T16:00:47.887Z
98f04849-b8dd-4f9d-87ba-c3501cd34bb4,615c0f63-237c-4e5c-9a7c-c575ea126e62,c508c40c-2fff-4eb4-8872-1444859ca1ae,注意報,,2020-01-01T00:00:00.000Z,2025-10-09T16:00:47.887Z
93c6fc01-45bf-480e-872f-01e8044f40bc,89dc15c2-b9b0-48a9-9489-d4b9c71a914f,c508c40c-2fff-4eb4-8872-1444859ca1ae,注意報,,2020-01-01T00:00:00.000Z,2025-10-09T16:00:47.887Z
7d646144-674c-4a84-9775-dfee9ad038bf,610259a3-bc95-4a16-a46e-1ce928b0e33a,c508c40c-2fff-4eb4-8872-1444859ca1ae,注意報,,2020-01-01T00:00:00.000Z,2025-10-09T16:00:47.887Z
0524c92e-ac06-49ad-a497-4101b88b43f5,972ae792-52af-407d-a056-822ea48deb87,c508c40c-2fff-4eb4-8872-1444859ca1ae,注意報,,2020-01-01T00:00:00.000Z,2025-10-09T16:00:47.887Z
46f5f944-faab-4aeb-982f-7ffd6b89e5f6,266291b5-9bec-4877-b10c-635e68cc9626,c508c40c-2fff-4eb4-8872-1444859ca1ae,特殊報,,2020-01-01T00:00:00.000Z,2025-10-09T16:00:47.887Z
fa8e94bb-47e1-4749-9afb-cc8e0b353350,7e8f9dd0-cba3-4af8-8a1c-35b651a1140d,c508c40c-2fff-4eb4-8872-1444859ca1ae,注意報,,2020-01-01T00:00:00.000Z,2025-10-09T16:00:47.887Z
1899d54c-7954-4e3c-973d-a36b2d1a33b2,3e796efe-4e70-44d4-9cbb-52469137b91c,c508c40c-2fff-4eb4-8872-1444859ca1ae,注意報,,2020-01-01T00:00:00.000Z,2025-10-09T16:00:47.887Z
81b5de4b-ca98-4d8d-8493-3759c7932d3b,09d4e7f0-58f5-4677-b9c2-4537ce2720ea,c508c40c-2fff-4eb4-8872-1444859ca1ae,注意報,,2020-01-01T00:00:00.000Z,2025-10-09T16:00:47.887Z
c2ef25c8-737c-45e0-aabc-cf1922531ae9,6506b44e-99de-4f93-8524-d08760e3a72e,c508c40c-2fff-4eb4-8872-1444859ca1ae,注意報,,2020-01-01T00:00:00.000Z,2025-10-09T16:00:47.887Z
19dc1aa6-7687-4e3e-9384-d90f3c99ea3c,4933d199-3600-48b2-b037-da5c230edaa7,c508c40c-2fff-4eb4-8872-1444859ca1ae,注意報,,2020-01-01T00:00:00.000Z,2025-10-09T16:00:47.887Z
23990835-1c5d-4d1f-9df3-a49d198ef906,fac48c0f-2366-494d-b0cb-3dc2e73850ae,c508c40c-2fff-4eb4-8872-1444859ca1ae,注意報,,2020-01-01T00:00:00.000Z,2025-10-09T16:00:47.887Z
44341f57-5927-470f-9772-03f3b31b895b,453c2d4c-01b8-4c2f-a035-b87ef9b50a34,c508c40c-2fff-4eb4-8872-1444859ca1ae,注意報,,2020-01-01T00:00:00.000Z,2025-10-09T16:00:47.887Z
be148d2a-3cb0-42cf-ba86-f786c17eb7f2,279bf6e6-d5c2-429f-8b9c-919627174fd2,c508c40c-2fff-4eb4-8872-1444859ca1ae,注意報,,2020-01-01T00:00:00.000Z,2025-10-09T16:00:47.887Z
fba5e185-5bb8-4b48-9182-eca0757a8b8a,62ee8cd7-f79d-4b86-92ed-619c634e332e,c508c40c-2fff-4eb4-8872-1444859ca1ae,注意報,,2020-01-01T00:00:00.000Z,2025-10-09T16:00:47.887Z
3a11dab6-e8d6-4087-9d91-fd3978eaa303,622e692a-6c51-419d-a19e-bb8051a124fd,c508c40c-2fff-4eb4-8872-1444859ca1ae,注意報,,2020-01-01T00:00:00.000Z,2025-10-09T16:00:47.887Z
92871085-63e7-49b7-9c5c-7d87b7532f54,cb1bb17b-8b04-4c58-98c2-f31d1e4d4da0,c508c40c-2fff-4eb4-8872-1444859ca1ae,注意報,,2020-01-01T00:00:00.000Z,2025-10-09T16:00:47.887Z
078b5517-34c8-4611-9677-9e93cfe0a7fa,90e7280c-9ca2-433b-a987-9072b45772da,c508c40c-2fff-4eb4-8872-1444859ca1ae,注意報,,2020-01-01T00:00:00.000Z,2025-10-09T16:00:47.887Z
5c3b1e2b-d2a7-4dbb-90c9-0fcdc8267134,a882adb2-909c-4f0d-9cca-873970db27ae,c508c40c-2fff-4eb4-8872-1444859ca1ae,注意報,,2020-01-01T00:00:00.000Z,2025-10-09T16:00:47.887Z
9b061ad9-c1a4-4657-8b4d-9367d3f806d4,9e410c96-d10f-40e3-adba-0b76ef585df4,c508c40c-2fff-4eb4-8872-1444859ca1ae,注意報,,2020-01-01T00:00:00.000Z,2025-10-09T16:00:47.887Z
44d338f1-d9b6-4f51-a5de-ef925a070ba3,f02fc60e-788b-43f2-9d9b-f3d050c7b535,c508c40c-2fff-4eb4-8872-1444859ca1ae,注意報,,2020-01-01T00:00:00.000Z,2025-10-09T16:00:47.887Z
2ae876b4-d7e4-409e-bfda-28c8dd5363e9,2ad4765c-8d0d-4744-a4f6-6494c866cb27,c508c40c-2fff-4eb4-8872-1444859ca1ae,注意報,,2020-01-01T00:00:00.000Z,2025-10-09T16:00:47.887Z
a26e2715-f32e-46ff-b6de-0b7413008980,b98ad678-dc74-4a4c-9e62-176f85f187bf,c508c40c-2fff-4eb4-8872-1444859ca1ae,注意報,,2020-01-01T00:00:00.000Z,2025-10-09T16:00:47.887Z
2d250d8f-bcb2-421e-b5a8-5b853f6821da,4d7fa3be-5984-47f7-aa53-e406f857225c,c508c40c-2fff-4eb4-8872-1444859ca1ae,注意報,,2020-01-01T00:00:00.000Z,2025-10-09T16:00:47.887Z
bae51a1f-ca15-4189-9f8d-8655e7410b58,92e18b68-79d2-48cf-acc0-696c70832854,c508c40c-2fff-4eb4-8872-1444859ca1ae,注意報,,2020-01-01T00:00:00.000Z,2025-10-09T16:00:47.887Z
088a39f9-f83a-4e34-8d69-5726d7530fcd,d372c690-2bd1-49dd-b0f8-1d11ea01a874,c508c40c-2fff-4eb4-8872-1444859ca1ae,注意報,,2020-01-01T00:00:00.000Z,2025-10-09T16:00:47.887Z
904c350e-3cdb-44a1-b632-b99148da637a,d9018f33-d817-428a-ad50-9d0ed65d9e5d,c508c40c-2fff-4eb4-8872-1444859ca1ae,注意報,,2020-01-01T00:00:00.000Z,2025-10-09T16:00:47.887Z
fd9cc2cd-28f2-4c73-a7cb-8d005f2674c2,3b70f673-22dc-458a-b4a0-3dfa708b78b8,c508c40c-2fff-4eb4-8872-1444859ca1ae,注意報,,2020-01-01T00:00:00.000Z,2025-10-09T16:00:47.887Z
1e1e08b8-d819-4531-a4ac-419c43287ca9,e069d30c-a9f4-456a-954e-f0172c50e3b7,c508c40c-2fff-4eb4-8872-1444859ca1ae,注意報,,2020-01-01T00:00:00.000Z,2025-10-09T16:00:47.887Z
19174c2a-caf7-4183-88fb-0103d1ccb936,82867aaf-74dc-4425-b165-a255e6dca0cf,c508c40c-2fff-4eb4-8872-1444859ca1ae,注意報,,2020-01-01T00:00:00.000Z,2025-10-09T16:00:47.887Z
c93fa0c0-f8fc-4cec-bbf8-f1915a789569,c8429224-f5cf-415a-bc4a-f8adc7f68570,c508c40c-2fff-4eb4-8872-1444859ca1ae,注意報,,2020-01-01T00:00:00.000Z,2025-10-09T16:00:47.887Z
d2a59fff-b55b-4ef6-afbf-b73e86a91741,68e0b278-1a7b-4e41-84d6-a5c77e0c77e4,c508c40c-2fff-4eb4-8872-1444859ca1ae,注意報,,2020-01-01T00:00:00.000Z,2025-10-09T16:00:47.887Z
0df978a4-e2e2-4e4f-8497-436f11a645f3,428f912f-5e76-4820-9a5e-e859fe2fc91c,c508c40c-2fff-4eb4-8872-1444859ca1ae,注意報,,2020-01-01T00:00:00.000Z,2025-10-09T16:00:47.887Z
e89df4fa-eaaa-404e-9471-309efd38adf0,4f4db9c2-04fe-43cc-af22-f781ed949a79,c508c40c-2fff-4eb4-8872-1444859ca1ae,注意報,,2020-01-01T00:00:00.000Z,2025-10-09T16:00:47.887Z
52d5d2d9-35e2-4e3a-96e2-53339d191abf,6000e915-b89e-44eb-a625-971331d449b9,c508c40c-2fff-4eb4-8872-1444859ca1ae,注意報,,2020-01-01T00:00:00.000Z,2025-10-09T16:00:47.887Z
33d415f4-12b4-4879-99d9-748dbc5da005,a71328d8-b7dc-432c-886e-a5480ae5695d,c508c40c-2fff-4eb4-8872-1444859ca1ae,注意報,,2020-01-01T00:00:00.000Z,2025-10-09T16:00:47.887Z
29d5550e-0dd7-4120-8d9c-867c6d632622,a4ebc574-4b29-470e-9613-6bf17406b1ab,c508c40c-2fff-4eb4-8872-1444859ca1ae,注意報,,2020-01-01T00:00:00.000Z,2025-10-09T16:00:47.887Z
5a734d54-1622-4ecd-873b-0b8db7424f28,2380bfb0-9625-4acb-97c9-b2086747d11a,c508c40c-2fff-4eb4-8872-1444859ca1ae,注意報,,2020-01-01T00:00:00.000Z,2025-10-09T16:00:47.887Z
9ea573ba-bc73-4df9-83c3-097e02766f33,9b556773-7edd-4a67-97a0-38ae2482f491,c508c40c-2fff-4eb4-8872-1444859ca1ae,注意報,,2020-01-01T00:00:00.000Z,2025-10-09T16:00:47.887Z
d7de54aa-0228-4f95-ae0a-00efee2a1985,b3006afa-52ed-4167-a328-e981ae7b5ad7,c508c40c-2fff-4eb4-8872-1444859ca1ae,注意報,,2020-01-01T00:00:00.000Z,2025-10-09T16:00:47.887Z
9a1e5d9b-e535-41d6-b58a-1022b02d8be7,e9e1e487-4c39-432f-b7ba-8a32e1fbd2a9,c508c40c-2fff-4eb4-8872-1444859ca1ae,特殊報,,2020-01-01T00:00:00.000Z,2025-10-09T16:00:47.887Z
f9472663-f28e-4ee1-bba7-da19a3557a55,0be874a2-b50d-407d-ae0a-4df34ac48253,c508c40c-2fff-4eb4-8872-1444859ca1ae,注意報,,2020-01-01T00:00:00.000Z,2025-10-09T16:00:47.887Z
cfb72eb0-582b-462d-a820-a24ebdfe99ba,27687f01-4ed1-4861-aba9-241c5105d453,c508c40c-2fff-4eb4-8872-1444859ca1ae,注意報,,2020-01-01T00:00:00.000Z,2025-10-09T16:00:47.887Z
47a82b71-aea5-4f6f-aa0d-8453834ef50a,94357578-0b03-4034-80e0-8f6f87c16d6c,c508c40c-2fff-4eb4-8872-1444859ca1ae,注意報,,2020-01-01T00:00:00.000Z,2025-10-09T16:00:47.887Z
4f4436d2-e4b4-440d-a46a-3a959de9044f,96b3d9b2-9205-4caa-bb68-cd11a0b269b0,c508c40c-2fff-4eb4-8872-1444859ca1ae,注意報,,2020-01-01T00:00:00.000Z,2025-10-09T16:00:47.887Z
a0462315-9b66-47ce-8199-529d83c70620,333cde10-6a49-47fe-bd2b-054b77d86137,c508c40c-2fff-4eb4-8872-1444859ca1ae,特殊報,,2020-01-01T00:00:00.000Z,2025-10-09T16:00:47.887Z
4ff4a720-1efb-48e9-b28c-57d6257a6f5f,0f87f11d-1d2c-4e76-bd4e-2bae1d7673d4,c508c40c-2fff-4eb4-8872-1444859ca1ae,注意報,,2020-01-01T00:00:00.000Z,2025-10-09T16:00:47.887Z
1a7ec4e4-ed33-480d-832c-960de161c397,95f72f48-bcc2-46c0-8f03-017a0052e7a5,c508c40c-2fff-4eb4-8872-1444859ca1ae,注意報,,2020-01-01T00:00:00.000Z,2025-10-09T16:00:47.887Z
6554cb0f-60bf-4dc6-86de-1ab8107ee6d8,aaa5fe57-6124-4f03-8eac-6445cb1907ee,c508c40c-2fff-4eb4-8872-1444859ca1ae,注意報,,2020-01-01T00:00:00.000Z,2025-10-09T16:00:47.887Z
acb229ed-3abc-4b4f-9762-4fbb3e33513d,94800f3b-4ed9-4b4d-8905-d58760d744db,c508c40c-2fff-4eb4-8872-1444859ca1ae,注意報,,2020-01-01T00:00:00.000Z,2025-10-09T16:00:47.887Z
83210b3b-e33b-4851-ad64-d7c899c3f249,3c0b6de7-1a5d-4f38-afd5-285fd088c70a,c508c40c-2fff-4eb4-8872-1444859ca1ae,注意報,,2020-01-01T00:00:00.000Z,2025-10-09T16:00:47.887Z
8395e38f-2b56-464d-8a85-78b9849203bd,110d7146-5466-4621-83b8-1566f8a6679f,c508c40c-2fff-4eb4-8872-1444859ca1ae,注意報,,2020-01-01T00:00:00.000Z,2025-10-09T16:00:47.887Z
ef9300d6-2744-4c50-9f96-041c154c1d33,46698461-f488-427c-b786-ef35eb32703b,c508c40c-2fff-4eb4-8872-1444859ca1ae,注意報,,2020-01-01T00:00:00.000Z,2025-10-09T16:00:47.887Z
830aa6cf-2a1c-4e93-81ed-7dcf0addbda9,296859eb-9cf8-405b-a273-deabacd76f0f,c508c40c-2fff-4eb4-8872-1444859ca1ae,注意報,,2020-01-01T00:00:00.000Z,2025-10-09T16:00:47.887Z
8bfa8b61-a307-4b44-b4d7-1a9f24a524d6,70c2a65b-4d65-4530-bafc-05286fe6c3ae,c508c40c-2fff-4eb4-8872-1444859ca1ae,特殊報,,2020-01-01T00:00:00.000Z,2025-10-09T16:00:47.887Z
417114b0-a289-413a-b025-d01b5074c7bf,5b65c036-6fb6-4ad1-a9dd-576f70a77475,c508c40c-2fff-4eb4-8872-1444859ca1ae,特殊報,,2020-01-01T00:00:00.000Z,2025-10-09T16:00:47.887Z
8adbc7bf-9d96-442f-a4d5-766696c8cb98,75dbf8ec-db3b-48b3-8c86-5de58c3dce2e,c508c40c-2fff-4eb4-8872-1444859ca1ae,特殊報,,2020-01-01T00:00:00.000Z,2025-10-09T16:00:47.887Z
3345f6c9-e1c7-40d9-b87a-63c79d5c4ef0,f365f815-eae1-4a59-b396-6738fb8f3916,c508c40c-2fff-4eb4-8872-1444859ca1ae,特殊報,,2020-01-01T00:00:00.000Z,2025-10-09T16:00:47.887Z
8474afa0-cc08-4975-b429-495c54e371b4,e9f6e14d-c574-43b4-ab32-31f6a7528482,c508c40c-2fff-4eb4-8872-1444859ca1ae,注意報,,2020-01-01T00:00:00.000Z,2025-10-09T16:00:47.887Z
2c051a05-bfc7-43e0-89ee-fb39e67d4d5c,796cff95-72af-471e-a84f-f59f991a2868,c508c40c-2fff-4eb4-8872-1444859ca1ae,注意報,,2020-01-01T00:00:00.000Z,2025-10-09T16:00:47.887Z
29168c00-6b78-4fa7-b517-cb0eea71c320,94150565-bda7-4d93-8f4c-748cd76779d2,c508c40c-2fff-4eb4-8872-1444859ca1ae,注意報,,2020-01-01T00:00:00.000Z,2025-10-09T16:00:47.887Z
a178f4e8-b9bb-4e2a-9e57-568e486946f6,c2bd962a-df3d-4720-8825-e6e1b335b549,c508c40c-2fff-4eb4-8872-1444859ca1ae,注意報,,2020-01-01T00:00:00.000Z,2025-10-09T16:00:47.887Z
ef24b598-a0bd-4604-9c35-380bb56f9bbf,f0798be9-af0e-4af0-88ef-28c3342793f6,c508c40c-2fff-4eb4-8872-1444859ca1ae,注意報,,2020-01-01T00:00:00.000Z,2025-10-09T16:00:47.887Z
fc7b551b-2e7c-4617-8362-0c5f82caed35,7ef043f8-4bcd-495b-82fe-8881b029832d,c508c40c-2fff-4eb4-8872-1444859ca1ae,注意報,,2020-01-01T00:00:00.000Z,2025-10-09T16:00:47.887Z
0d9ffa4a-fb4d-4dce-a33f-ad3ec0f781af,e2651b6c-5dd1-4579-ae64-ede1e3510860,c508c40c-2fff-4eb4-8872-1444859ca1ae,注意報,,2020-01-01T00:00:00.000Z,2025-10-09T16:00:47.887Z
bbba0b4e-6cde-4df3-af09-1fcbfa9094c1,ca72ac29-ab0d-4533-a79e-c1bf03669b2f,c508c40c-2fff-4eb4-8872-1444859ca1ae,注意報,,2020-01-01T00:00:00.000Z,2025-10-09T16:00:47.887Z
ecd013a8-a90e-42d0-abab-b84872c95e7d,a55ac8d7-c811-4217-bc6e-fd4524fc08f3,c508c40c-2fff-4eb4-8872-1444859ca1ae,注意報,,2020-01-01T00:00:00.000Z,2025-10-09T16:00:47.887Z
354955f2-3c65-41fb-98a0-e803f6832445,fe205b65-8013-4c0c-94f0-e9def3ed1274,c508c40c-2fff-4eb4-8872-1444859ca1ae,注意報,,2020-01-01T00:00:00.000Z,2025-10-09T16:00:47.887Z
50e6d769-ae11-41f4-8103-f609060c185c,4d76ea37-56e0-499c-9052-9bafe1da6bbc,c508c40c-2fff-4eb4-8872-1444859ca1ae,注意報,,2020-01-01T00:00:00.000Z,2025-10-09T16:00:47.887Z
daf23e28-5979-4ea4-a08a-966907e20402,ca120d53-a504-4ac4-8e6f-c08c6ffb026f,c508c40c-2fff-4eb4-8872-1444859ca1ae,特殊報,,2020-01-01T00:00:00.000Z,2025-10-09T16:00:47.887Z
a0a202c8-c8e7-4aec-9134-5ba5cda32b04,1a2e344c-ef11-4115-8cc0-fa2478179efb,c508c40c-2fff-4eb4-8872-1444859ca1ae,特殊報,,2020-01-01T00:00:00.000Z,2025-10-09T16:00:47.887Z
db1a912a-bce0-4e92-9d2c-a1c45afd48f1,bd7f9b02-ac84-499e-a0c4-26f9084a3178,c508c40c-2fff-4eb4-8872-1444859ca1ae,注意報,,2020-01-01T00:00:00.000Z,2025-10-09T16:00:47.887Z
5989426f-8242-4630-952b-b3e0e6e7e2d4,b426ec28-64de-4bb9-85f5-96e86fc8b231,c508c40c-2fff-4eb4-8872-1444859ca1ae,注意報,,2020-01-01T00:00:00.000Z,2025-10-09T16:00:47.887Z
b12c4248-1820-4ec4-8787-f82701528c23,aa0e5ff6-3d71-46c1-8ac2-5474ef5b1e60,c508c40c-2fff-4eb4-8872-1444859ca1ae,注意報,,2020-01-01T00:00:00.000Z,2025-10-09T16:00:47.887Z
708dc59b-f753-47f9-9d35-1011f9a618d7,35d92243-3e0d-45a8-9fc0-a6252d28a121,c508c40c-2fff-4eb4-8872-1444859ca1ae,注意報,,2020-01-01T00:00:00.000Z,2025-10-09T16:00:47.887Z
0361f3d1-4b7b-49ed-99ee-c2c42928d905,8b7ee6f7-9e8f-4a9b-86da-afede8466571,c508c40c-2fff-4eb4-8872-1444859ca1ae,注意報,,2020-01-01T00:00:00.000Z,2025-10-09T16:00:47.887Z
a22e3b56-4a1f-4153-a2ff-d2868cc5b2b8,31947cbb-0f3c-425b-b7c7-c8b8524687a3,c508c40c-2fff-4eb4-8872-1444859ca1ae,注意報,,2020-01-01T00:00:00.000Z,2025-10-09T16:00:47.887Z
2678d86c-7cb2-47fa-998a-6498c4d2d546,7877b7b5-58ad-48c1-b247-21b5fd8fbffa,c508c40c-2fff-4eb4-8872-1444859ca1ae,注意報,,2020-01-01T00:00:00.000Z,2025-10-09T16:00:47.887Z
74181988-576a-477b-863c-297f995d17d8,c66f06c6-b1fd-4696-ba43-f58aa140b31e,c508c40c-2fff-4eb4-8872-1444859ca1ae,注意報,,2020-01-01T00:00:00.000Z,2025-10-09T16:00:47.887Z
ee13b7e3-6ea1-4a12-8f5c-42062f72c389,b028fcec-0a24-4ad2-af19-b3806765e91f,c508c40c-2fff-4eb4-8872-1444859ca1ae,注意報,,2020-01-01T00:00:00.000Z,2025-10-09T16:00:47.887Z
06ab149a-dc3d-426a-8491-3e9b90afa7c1,7f357bb7-e420-43f1-be87-3c818c78f836,c508c40c-2fff-4eb4-8872-1444859ca1ae,注意報,,2020-01-01T00:00:00.000Z,2025-10-09T16:00:47.887Z
ce8b3a22-a0b5-4598-b21d-6208cc3e06a8,56e88e4b-fa77-4ad0-b81a-7e237af0fba5,c508c40c-2fff-4eb4-8872-1444859ca1ae,注意報,,2020-01-01T00:00:00.000Z,2025-10-09T16:00:47.887Z
d6a3a5d3-ff3f-4473-9be0-639d2a4d384f,b644440f-edce-4675-8eaf-4f75a32a8a62,c508c40c-2fff-4eb4-8872-1444859ca1ae,注意報,,2020-01-01T00:00:00.000Z,2025-10-09T16:00:47.887Z
07f806a3-eed6-4827-959f-9e98cab15477,f744bee9-5a02-463f-99ce-190f51497280,c508c40c-2fff-4eb4-8872-1444859ca1ae,注意報,,2020-01-01T00:00:00.000Z,2025-10-09T16:00:47.887Z
e4b315a2-d1e3-486c-8055-a05bf31b729d,3a56f541-358f-41ea-9fe1-cac7fd6a8945,c508c40c-2fff-4eb4-8872-1444859ca1ae,注意報,,2020-01-01T00:00:00.000Z,2025-10-09T16:00:47.887Z
e1251254-0a46-4413-a799-1dfdc56bd36b,c512d801-f354-481f-83d6-62b95665f33e,c508c40c-2fff-4eb4-8872-1444859ca1ae,注意報,,2020-01-01T00:00:00.000Z,2025-10-09T16:00:47.887Z
0a4e6177-3e8a-4c60-8a6f-418e8b8c029d,f649dc08-0b58-498b-9a53-166ae37ac945,c508c40c-2fff-4eb4-8872-1444859ca1ae,注意報,,2020-01-01T00:00:00.000Z,2025-10-09T16:00:47.887Z
56dba0f9-af4e-4f8b-9579-d586aff63d72,f64755dc-1ef6-40a3-9249-5edcd16fd38b,c508c40c-2fff-4eb4-8872-1444859ca1ae,注意報,,2020-01-01T00:00:00.000Z,2025-10-09T16:00:47.887Z
ecadb63f-5a30-4c6c-83dd-8345f548ddeb,196819b5-2ebf-4378-a88d-ffeaf57d723b,c508c40c-2fff-4eb4-8872-1444859ca1ae,注意報,,2020-01-01T00:00:00.000Z,2025-10-09T16:00:47.887Z
81e695ca-a618-4cad-8806-e5ff228a4c25,2de5f99f-9dd0-4bae-ac72-6b9612cf9220,c508c40c-2fff-4eb4-8872-1444859ca1ae,注意報,,2020-01-01T00:00:00.000Z,2025-10-09T16:00:47.887Z
f47c03df-8856-4c1a-a2e1-6e8e2450d775,ccce9691-6b61-490c-af9f-247d92aca4c6,c508c40c-2fff-4eb4-8872-1444859ca1ae,注意報,,2020-01-01T00:00:00.000Z,2025-10-09T16:00:47.887Z
ae25bd1d-ceef-4dd8-a5c1-97cecd05a954,43363a2f-4322-47ea-b3bc-1790559200a1,c508c40c-2fff-4eb4-8872-1444859ca1ae,注意報,,2020-01-01T00:00:00.000Z,2025-10-09T16:00:47.887Z
5c0781ae-2aaa-4c3f-af4b-c0d0348b8ed9,bf3b3806-64fc-4838-8303-c6b6b6ef3716,c508c40c-2fff-4eb4-8872-1444859ca1ae,注意報,,2020-01-01T00:00:00.000Z,2025-10-09T16:00:47.887Z
d0ffa86a-0da8-4743-83a3-c05a446a7c96,c7b0413a-097e-4c39-a4c5-05bdfb084fe2,c508c40c-2fff-4eb4-8872-1444859ca1ae,注意報,,2020-01-01T00:00:00.000Z,2025-10-09T16:00:47.887Z
e86569be-0211-4709-81d0-903a763dce81,1ef5cb67-ba4f-45f5-b96d-c7a2ef66999f,c508c40c-2fff-4eb4-8872-1444859ca1ae,注意報,,2020-01-01T00:00:00.000Z,2025-10-09T16:00:47.887Z
142d85bb-d6de-4d8d-9a29-bc216be25fd2,df82cea2-9b43-4adb-b03a-bd05e4ed5217,c508c40c-2fff-4eb4-8872-1444859ca1ae,注意報,,2020-01-01T00:00:00.000Z,2025-10-09T16:00:47.887Z
f16e62e9-5d7c-4d5e-b9ad-52a6f9e54e3e,92b00a87-96ae-4899-b751-1d6de319e79d,c508c40c-2fff-4eb4-8872-1444859ca1ae,注意報,,2020-01-01T00:00:00.000Z,2025-10-09T16:00:47.887Z
724ded8e-f07b-475e-84f4-134f392a3eb2,86189c7e-9a71-46f7-a046-3eaa9af9ddaf,c508c40c-2fff-4eb4-8872-1444859ca1ae,注意報,,2020-01-01T00:00:00.000Z,2025-10-09T16:00:47.887Z
4a42e0a1-d89f-4979-bac0-cd8b19e93f98,df2f7bc2-2794-4239-abc2-66ca8e1814b5,c508c40c-2fff-4eb4-8872-1444859ca1ae,注意報,,2020-01-01T00:00:00.000Z,2025-10-09T16:00:47.887Z
11f80cd1-7d94-4367-a030-a68b58081e5c,13be428a-4fbf-4c22-8e0a-14a5c4faa9f0,c508c40c-2fff-4eb4-8872-1444859ca1ae,注意報,,2020-01-01T00:00:00.000Z,2025-10-09T16:00:47.887Z
c78d2d52-a2f2-4451-aae7-7318199a4c55,e80a8302-1ede-40c9-8af3-6ab7bf15a9fd,c508c40c-2fff-4eb4-8872-1444859ca1ae,注意報,,2020-01-01T00:00:00.000Z,2025-10-09T16:00:47.887Z
ee26799c-f088-4aa2-b80b-3b46c03a3ef8,dd218cba-c409-4517-a3d8-f0139d7a7b7d,c508c40c-2fff-4eb4-8872-1444859ca1ae,注意報,,2020-01-01T00:00:00.000Z,2025-10-09T16:00:47.887Z
36709208-d5f4-4733-a047-3939102e6dee,0978f50e-9683-4864-926e-1f8f065ea9a0,c508c40c-2fff-4eb4-8872-1444859ca1ae,注意報,,2020-01-01T00:00:00.000Z,2025-10-09T16:00:47.887Z
87f96935-aa47-48ce-9d72-eae5aeeac302,b994372e-fca9-494d-a4bc-4d7c14a28c48,c508c40c-2fff-4eb4-8872-1444859ca1ae,注意報,,2020-01-01T00:00:00.000Z,2025-10-09T16:00:47.887Z
0185e326-6e81-4ecd-b118-5b04ff504d95,24622013-bd33-456e-b30f-e4187a02c195,c508c40c-2fff-4eb4-8872-1444859ca1ae,特殊報,,2020-01-01T00:00:00.000Z,2025-10-09T16:00:47.887Z
af9e3f7a-6760-4ee6-b3cf-98ebb99d467f,7cdcb08c-ac60-462d-84f5-e9ef386aa2ff,c508c40c-2fff-4eb4-8872-1444859ca1ae,注意報,,2020-01-01T00:00:00.000Z,2025-10-09T16:00:47.887Z
ee999606-224e-4147-abfa-22eec8daefcf,bee6f9c4-7f1d-4f2d-82cf-914ecd9c8aad,c508c40c-2fff-4eb4-8872-1444859ca1ae,注意報,,2020-01-01T00:00:00.000Z,2025-10-09T16:00:47.887Z
6d4a8222-0970-4a41-87dc-6fbe40ae5ac4,010bdaae-8492-4091-8350-fef6bb6fb7d9,c508c40c-2fff-4eb4-8872-1444859ca1ae,注意報,,2020-01-01T00:00:00.000Z,2025-10-09T16:00:47.887Z
fc21d763-616c-4955-8323-bfc93c541d1f,91cc27d1-603e-4d0f-bebd-e2e8fccdaf03,c508c40c-2fff-4eb4-8872-1444859ca1ae,注意報,,2020-01-01T00:00:00.000Z,2025-10-09T16:00:47.887Z
70d9fb17-c0f1-4612-b5b4-a322531f9ef2,6c456bf0-1fe9-4980-93c2-8682e3d8a238,c508c40c-2fff-4eb4-8872-1444859ca1ae,注意報,,2020-01-01T00:00:00.000Z,2025-10-09T16:00:47.887Z
747e9936-1e67-4ae2-b3a7-47bb7207e0d1,9b183bb9-5cbd-47a0-ab99-0e6730406e37,c508c40c-2fff-4eb4-8872-1444859ca1ae,注意報,,2020-01-01T00:00:00.000Z,2025-10-09T16:00:47.887Z
30c9492e-4420-4970-9173-6618f393a999,b100c31c-41ef-4c75-9a9c-87f7d62348b0,c508c40c-2fff-4eb4-8872-1444859ca1ae,特殊報,,2020-01-01T00:00:00.000Z,2025-10-09T16:00:47.887Z
10844876-f3ce-46e3-8c7f-f02f133227c5,037db8cb-b167-4d6e-8939-7fd985d57eea,c508c40c-2fff-4eb4-8872-1444859ca1ae,注意報,,2020-01-01T00:00:00.000Z,2025-10-09T16:00:47.887Z
30674b1a-eaaa-41e9-b4ce-368c44fdae53,acc9cc0d-0caf-4d8f-a831-14102a5d7856,c508c40c-2fff-4eb4-8872-1444859ca1ae,注意報,,2020-01-01T00:00:00.000Z,2025-10-09T16:00:47.887Z
a96afab8-ecbd-4ad0-adde-9d92238bed63,d1cd4826-4b81-46fb-a148-0038efcbffb8,c508c40c-2fff-4eb4-8872-1444859ca1ae,注意報,,2020-01-01T00:00:00.000Z,2025-10-09T16:00:47.887Z
88e4a7e9-3550-4474-ba6c-2662cfec71e1,3113ae29-5e52-45d8-918a-4220694d0fed,c508c40c-2fff-4eb4-8872-1444859ca1ae,注意報,,2020-01-01T00:00:00.000Z,2025-10-09T16:00:47.887Z
224c0cd1-6650-4055-840a-69ab4fa91623,77b87c10-cf5b-41e6-9048-c976a49e63b1,c508c40c-2fff-4eb4-8872-1444859ca1ae,警報,,2020-01-01T00:00:00.000Z,2025-10-09T16:00:47.887Z
a7633db5-b193-4fa4-9f51-7ca4d1e5aed4,7c15d43e-4160-49f7-a3ff-da156295e4d2,c508c40c-2fff-4eb4-8872-1444859ca1ae,注意報,,2020-01-01T00:00:00.000Z,2025-10-09T16:00:47.887Z
f8298b44-9a3c-4c04-8526-2dcedf8c3fb2,c6d668b8-4650-4736-a742-c2e0a57e0187,c508c40c-2fff-4eb4-8872-1444859ca1ae,警報,,2020-01-01T00:00:00.000Z,2025-10-09T16:00:47.887Z
1c55db8f-e0d4-4f66-ac5c-c6992283d325,ba79d3b7-cb42-4a6d-8934-2fb218b3336a,c508c40c-2fff-4eb4-8872-1444859ca1ae,注意報,,2020-01-01T00:00:00.000Z,2025-10-09T16:00:47.887Z
24e2e04f-ab3c-4a8e-bfa5-aa5d921e9997,23cc0317-a424-40cc-a072-17d71868674f,c508c40c-2fff-4eb4-8872-1444859ca1ae,注意報,,2020-01-01T00:00:00.000Z,2025-10-09T16:00:47.887Z
5f1d0531-5a84-42b1-9cc1-b86af62a3d66,712061e7-8a97-4958-b1d4-d5dfaa57e69c,c508c40c-2fff-4eb4-8872-1444859ca1ae,注意報,,2020-01-01T00:00:00.000Z,2025-10-09T16:00:47.887Z
72821e1e-2acd-4f0c-ba97-1c72e62dc619,54279509-60fb-42c2-8e2d-ff44ed18a79d,c508c40c-2fff-4eb4-8872-1444859ca1ae,注意報,,2020-01-01T00:00:00.000Z,2025-10-09T16:00:47.887Z
8ceed6d7-8ad8-4902-b037-1235569c9c62,4aea4aaa-a6b2-49df-a588-49352008f1db,c508c40c-2fff-4eb4-8872-1444859ca1ae,注意報,,2020-01-01T00:00:00.000Z,2025-10-09T16:00:47.887Z
5b5c3502-06ff-45b6-8905-3031863e8e3b,4b4ede65-2d8d-40d2-b7ca-c8df6ee49b49,c508c40c-2fff-4eb4-8872-1444859ca1ae,注意報,,2020-01-01T00:00:00.000Z,2025-10-09T16:00:47.887Z
2824d933-50cf-4f2f-9a13-1bc1120ab55f,49cd5c23-faa1-439b-aea4-4abc7f6f7390,c508c40c-2fff-4eb4-8872-1444859ca1ae,注意報,,2020-01-01T00:00:00.000Z,2025-10-09T16:00:47.887Z
b5d3efcb-24e4-4a7e-aed0-1c9fb133f09f,587a1762-7093-4811-bbae-5df0ca6a4fba,c508c40c-2fff-4eb4-8872-1444859ca1ae,注意報,,2020-01-01T00:00:00.000Z,2025-10-09T16:00:47.887Z
aa1bb946-071e-4731-82f1-6af694a728f0,e4dfd6a2-90c4-4afd-806f-f833602dc251,c508c40c-2fff-4eb4-8872-1444859ca1ae,注意報,,2020-01-01T00:00:00.000Z,2025-10-09T16:00:47.887Z
b4627088-2ab7-4c3d-8d26-b7fecac78263,7ba1989f-a204-4cc4-854c-3ae1f18b86b0,c508c40c-2fff-4eb4-8872-1444859ca1ae,注意報,,2020-01-01T00:00:00.000Z,2025-10-09T16:00:47.887Z
78258651-3445-4ace-bd81-96bc301291b7,d6ba1a2e-8a36-4157-83ac-01df370fb7a3,c508c40c-2fff-4eb4-8872-1444859ca1ae,注意報,,2020-01-01T00:00:00.000Z,2025-10-09T16:00:47.887Z
bdf2c578-199f-45b3-99f7-a14a3195a1e1,afe377f2-0099-4aa5-bc8a-6314b22c220f,c508c40c-2fff-4eb4-8872-1444859ca1ae,注意報,,2020-01-01T00:00:00.000Z,2025-10-09T16:00:47.887Z
98108bf3-dfc1-4885-aeb2-769300bd523f,444cfd20-339d-4dc5-bf1a-389c391d016a,c508c40c-2fff-4eb4-8872-1444859ca1ae,注意報,,2020-01-01T00:00:00.000Z,2025-10-09T16:00:47.887Z
18622802-90ea-4ff7-9a49-bf3238b18767,34d5a8f1-aad9-44a6-bed0-348009296389,c508c40c-2fff-4eb4-8872-1444859ca1ae,注意報,,2020-01-01T00:00:00.000Z,2025-10-09T16:00:47.887Z
33436f9c-b3a1-4fb9-bde0-ab46eb9b5117,7870024d-d320-4896-8a05-6fefcb98ff0b,c508c40c-2fff-4eb4-8872-1444859ca1ae,注意報,,2020-01-01T00:00:00.000Z,2025-10-09T16:00:47.887Z
ca778b53-0c9e-4c7e-9e55-3e8e7ed57f2b,e66b40b7-cb33-4308-a433-38e4e1f41378,c508c40c-2fff-4eb4-8872-1444859ca1ae,注意報,,2020-01-01T00:00:00.000Z,2025-10-09T16:00:47.887Z
1beff478-0df7-4dda-93fa-93578539cf43,77520b7a-6102-4008-95a3-d1ebdb71b939,c508c40c-2fff-4eb4-8872-1444859ca1ae,注意報,,2020-01-01T00:00:00.000Z,2025-10-09T16:00:47.887Z
7f7483bb-81f7-497e-bc5e-be4063fc1acb,f030b629-098b-4d87-a622-3f88ac9195b0,c508c40c-2fff-4eb4-8872-1444859ca1ae,注意報,,2020-01-01T00:00:00.000Z,2025-10-09T16:00:47.887Z
85c4e442-bb98-47f4-b526-b3cbd8066dd1,2c3b4f46-437f-4b01-82e2-fce73126b28a,c508c40c-2fff-4eb4-8872-1444859ca1ae,注意報,,2020-01-01T00:00:00.000Z,2025-10-09T16:00:47.887Z
bcb99222-e741-4b87-abe2-734800486a18,365e5bfb-1d22-4c12-89d2-4fc18ef67629,c508c40c-2fff-4eb4-8872-1444859ca1ae,注意報,,2020-01-01T00:00:00.000Z,2025-10-09T16:00:47.887Z
9281de29-97d7-487f-b128-1fe08e8c581a,c5a7c9b9-15bd-4564-a0bd-1a64be60da0e,c508c40c-2fff-4eb4-8872-1444859ca1ae,注意報,,2020-01-01T00:00:00.000Z,2025-10-09T16:00:47.887Z
2b10ba02-fbe4-4fce-b908-5692861be47c,38f4c86c-d40b-456c-a91b-b98abb380dda,c508c40c-2fff-4eb4-8872-1444859ca1ae,特殊報,,2020-01-01T00:00:00.000Z,2025-10-09T16:00:47.887Z
7aae0cd9-fd1d-43c2-b278-53f39ccda079,59836a82-64de-4dde-8a89-44674da580c6,c508c40c-2fff-4eb4-8872-1444859ca1ae,注意報,,2020-01-01T00:00:00.000Z,2025-10-09T16:00:47.887Z
0a50fda9-1ba6-496c-b891-cdc25d13f034,10c01452-15c2-4c98-898b-843f761d45e8,c508c40c-2fff-4eb4-8872-1444859ca1ae,注意報,,2020-01-01T00:00:00.000Z,2025-10-09T16:00:47.887Z
854a2c85-0525-46a2-a34b-e2a54a63748d,050aaa0a-66eb-47a1-a2c1-90a99cd7a395,c508c40c-2fff-4eb4-8872-1444859ca1ae,注意報,,2020-01-01T00:00:00.000Z,2025-10-09T16:00:47.887Z
82199fc7-cd14-48e8-9269-60823ade4cb2,153b5481-9699-45b3-916e-14f1c8b77e8b,c508c40c-2fff-4eb4-8872-1444859ca1ae,注意報,,2020-01-01T00:00:00.000Z,2025-10-09T16:00:47.887Z
7ea8b658-4a54-4a26-a01c-96c256bf5964,0f013de4-071b-4b97-b8ce-126a758dcd9f,c508c40c-2fff-4eb4-8872-1444859ca1ae,注意報,,2020-01-01T00:00:00.000Z,2025-10-09T16:00:47.887Z
9fdbab71-6e0d-4ea0-940b-08fd18d1ec5b,e5660948-107f-4ff2-b45b-510a07aec525,c508c40c-2fff-4eb4-8872-1444859ca1ae,注意報,,2020-01-01T00:00:00.000Z,2025-10-09T16:00:47.887Z
dec47964-cb1e-4b26-8340-0a903de5c67a,402e2af9-5741-47f3-b929-fe224b5729f5,c508c40c-2fff-4eb4-8872-1444859ca1ae,注意報,,2020-01-01T00:00:00.000Z,2025-10-09T16:00:47.887Z
2daa64bf-8719-4725-9cc1-d0a75f67c305,7c49d308-c6ad-4e8e-aaa9-e9f7f508161f,c508c40c-2fff-4eb4-8872-1444859ca1ae,特殊報,,2020-01-01T00:00:00.000Z,2025-10-09T16:00:47.887Z
c5ef2262-f9c1-473e-837a-279f04b165ea,60447992-37e4-49b5-92f7-f8be579ace91,c508c40c-2fff-4eb4-8872-1444859ca1ae,注意報,,2020-01-01T00:00:00.000Z,2025-10-09T16:00:47.887Z
3059936e-5186-4531-9972-240a0e4228ac,d2616ea4-9f7d-45fe-9e57-60364eb5c31b,c508c40c-2fff-4eb4-8872-1444859ca1ae,注意報,,2020-01-01T00:00:00.000Z,2025-10-09T16:00:47.887Z
050ef187-60cf-49f0-b44a-5b455645d517,a0a08a0a-8e33-41c5-8ea4-d6d5e0cb1817,c508c40c-2fff-4eb4-8872-1444859ca1ae,注意報,,2020-01-01T00:00:00.000Z,2025-10-09T16:00:47.887Z
5887f6c7-5bc7-48a9-aa65-a26a29564f93,4062e819-9288-47e4-a347-b24038252b9e,c508c40c-2fff-4eb4-8872-1444859ca1ae,注意報,,2020-01-01T00:00:00.000Z,2025-10-09T16:00:47.887Z
26ed30ef-5c13-4ad8-ad91-37fb5a69071e,22d4335e-6b47-490a-a44d-249c7834446f,c508c40c-2fff-4eb4-8872-1444859ca1ae,注意報,,2020-01-01T00:00:00.000Z,2025-10-09T16:00:47.887Z
ec89f764-55e5-40a6-82d8-6c57b9650e83,ad211988-5cce-470d-808f-9faae74e4058,c508c40c-2fff-4eb4-8872-1444859ca1ae,注意報,,2020-01-01T00:00:00.000Z,2025-10-09T16:00:47.887Z
b7e53f99-52f5-46f2-8bb8-9a815177a5ee,8350eb67-671b-4f3b-a13b-7512f4e02254,c508c40c-2fff-4eb4-8872-1444859ca1ae,特殊報,,2020-01-01T00:00:00.000Z,2025-10-09T16:00:47.887Z
1cca5f50-9ec8-49c9-a03b-4914734f84a7,ac06bbbd-06ea-4c00-8251-d99c15ee827a,c508c40c-2fff-4eb4-8872-1444859ca1ae,特殊報,,2020-01-01T00:00:00.000Z,2025-10-09T16:00:47.887Z
39f65ff5-d2e6-4972-b241-3fc296e12881,d9dc1e41-b150-4422-a3a8-ab589d00bd85,c508c40c-2fff-4eb4-8872-1444859ca1ae,注意報,,2020-01-01T00:00:00.000Z,2025-10-09T16:00:47.887Z
8c060ee7-f859-44c6-a053-ca894bf70eaf,6885baaf-2ed3-45a8-9a76-a5535f075a4a,c508c40c-2fff-4eb4-8872-1444859ca1ae,注意報,,2020-01-01T00:00:00.000Z,2025-10-09T16:00:47.887Z
26927019-ef9f-46af-8837-d6ceb6bea26f,c41f9b96-2578-4724-825c-8177d00526f3,c508c40c-2fff-4eb4-8872-1444859ca1ae,注意報,,2020-01-01T00:00:00.000Z,2025-10-09T16:00:47.887Z
87882a93-8d29-48dd-bd03-8311369d313e,54abb138-7a5d-4ff1-9cee-679e8beb5a73,c508c40c-2fff-4eb4-8872-1444859ca1ae,注意報,,2020-01-01T00:00:00.000Z,2025-10-09T16:00:47.887Z
0f396bf8-1578-48f1-a221-5887bd50f94a,78f0193d-536d-4ffd-80ab-fb4141bae976,c508c40c-2fff-4eb4-8872-1444859ca1ae,注意報,,2020-01-01T00:00:00.000Z,2025-10-09T16:00:47.887Z
e414c193-e0c5-4b68-9678-f065b32e3013,8599ff9f-fe64-4e7d-982a-7760d95e8958,c508c40c-2fff-4eb4-8872-1444859ca1ae,注意報,,2020-01-01T00:00:00.000Z,2025-10-09T16:00:47.887Z
228bfd0f-1c54-4960-9f81-510eaad6712a,a8e9a62f-02f0-49e6-b7c8-70c7aed2f65e,c508c40c-2fff-4eb4-8872-1444859ca1ae,注意報,,2020-01-01T00:00:00.000Z,2025-10-09T16:00:47.887Z
43c5e0ff-191e-4dc1-9cc8-f5ed6d2992a9,0721f8ed-2f94-4a22-aaef-d5ead62bd7b1,c508c40c-2fff-4eb4-8872-1444859ca1ae,特殊報,,2020-01-01T00:00:00.000Z,2025-10-09T16:00:47.887Z
f34a315f-a4bf-480d-84b3-6cc037ebbe3a,3061edda-0eca-4652-af7e-09aaeec51fc9,c508c40c-2fff-4eb4-8872-1444859ca1ae,注意報,,2020-01-01T00:00:00.000Z,2025-10-09T16:00:47.887Z
4fb2ea72-e9c4-476f-9ab4-41b840b7bf85,aef715b7-a5be-47f9-806d-d3c73e344946,c508c40c-2fff-4eb4-8872-1444859ca1ae,注意報,,2020-01-01T00:00:00.000Z,2025-10-09T16:00:47.887Z
87b347a6-3c0d-436d-a6c2-0e019d6e20b0,cf3e1acf-524c-429d-8c89-911200e80060,c508c40c-2fff-4eb4-8872-1444859ca1ae,注意報,,2020-01-01T00:00:00.000Z,2025-10-09T16:00:47.887Z
94066b16-3c8b-43fc-9546-3ef1ab6e16fe,0612b96b-39e0-4ce1-8a72-da083ba1cee1,c508c40c-2fff-4eb4-8872-1444859ca1ae,注意報,,2020-01-01T00:00:00.000Z,2025-10-09T16:00:47.887Z
5da1cfb2-e6f2-4e8f-8715-f4836587b1c2,6a27d1a6-97f9-4aa1-8e08-6bb8c8356d4e,c508c40c-2fff-4eb4-8872-1444859ca1ae,注意報,,2020-01-01T00:00:00.000Z,2025-10-09T16:00:47.887Z
8ed9927c-d9e9-4a57-bb24-93fa671b2067,b421ea0c-af38-4411-b523-2c542e18d02b,c508c40c-2fff-4eb4-8872-1444859ca1ae,特殊報,,2020-01-01T00:00:00.000Z,2025-10-09T16:00:47.887Z
1f7885d9-db91-49b2-ab9d-0e864397cc23,d14566a0-dee6-478e-8a99-52c953d6d9b9,c508c40c-2fff-4eb4-8872-1444859ca1ae,注意報,,2020-01-01T00:00:00.000Z,2025-10-09T16:00:47.887Z
24ca9cdf-dee9-4f5f-b5b3-b0b80c4f930e,1644964b-ce89-4dfd-a725-1916a617be54,c508c40c-2fff-4eb4-8872-1444859ca1ae,特殊報,,2020-01-01T00:00:00.000Z,2025-10-09T16:00:47.887Z
3461f238-08c3-4acd-a58b-a32b2ab78235,956e8e31-a7da-4bdf-a43c-97ff2aaf7fb4,c508c40c-2fff-4eb4-8872-1444859ca1ae,特殊報,,2020-01-01T00:00:00.000Z,2025-10-09T16:00:47.887Z
c2106006-2c46-4b50-8333-0ecb757861a2,d464213b-f18a-4336-9d1e-9e074b404e68,c508c40c-2fff-4eb4-8872-1444859ca1ae,注意報,,2020-01-01T00:00:00.000Z,2025-10-09T16:00:47.887Z
a580f9ea-e943-450f-9c57-38e50f910c2c,395461dd-0535-45a9-bd51-0d9484b48868,c508c40c-2fff-4eb4-8872-1444859ca1ae,注意報,,2020-01-01T00:00:00.000Z,2025-10-09T16:00:47.887Z
93ae467c-6094-46da-9e1f-fe2348b7d6d4,69f89c06-006a-488e-bac7-fe7fc5f33756,c508c40c-2fff-4eb4-8872-1444859ca1ae,注意報,,2020-01-01T00:00:00.000Z,2025-10-09T16:00:47.887Z
f469b139-4a57-4f6b-9f74-a74dacb917eb,14b10d82-4dfa-4adc-b3ba-6285d5dd29c9,c508c40c-2fff-4eb4-8872-1444859ca1ae,注意報,,2020-01-01T00:00:00.000Z,2025-10-09T16:00:47.887Z
e0c3fcaf-872e-4088-878e-18db6e04fd09,314eaa89-b77a-43a9-83da-c0815dd70573,c508c40c-2fff-4eb4-8872-1444859ca1ae,注意報,,2020-01-01T00:00:00.000Z,2025-10-09T16:00:47.887Z
030dd3dc-103d-4963-9416-e0078c2b8928,ba877030-664f-4d57-af3c-150b6cb267e7,c508c40c-2fff-4eb4-8872-1444859ca1ae,注意報,,2020-01-01T00:00:00.000Z,2025-10-09T16:00:47.887Z
9a74ec28-f887-4106-a524-f93a2ab06d03,e037bf80-5f1f-4af0-854e-a3273aa3ba7b,c508c40c-2fff-4eb4-8872-1444859ca1ae,注意報,,2020-01-01T00:00:00.000Z,2025-10-09T16:00:47.887Z
7d859d86-b1ab-4ce7-98fc-a6658afa17a4,341e01ab-c3d4-4011-b2da-e4d341b52c09,c508c40c-2fff-4eb4-8872-1444859ca1ae,注意報,,2020-01-01T00:00:00.000Z,2025-10-09T16:00:47.887Z
6e3a7b7c-8c95-44cf-a85f-95377a122564,88c9a3c0-6f45-4ac0-97f4-594d4f1f5e2d,c508c40c-2fff-4eb4-8872-1444859ca1ae,注意報,,2020-01-01T00:00:00.000Z,2025-10-09T16:00:47.887Z
820f6f8b-a6b6-4ce2-90ed-20c544b5774d,faf701a4-e747-4381-a4f1-822ade454f18,c508c40c-2fff-4eb4-8872-1444859ca1ae,特殊報,,2020-01-01T00:00:00.000Z,2025-10-09T16:00:47.887Z
bc718c60-17d0-408b-a1d0-a042439bb0a5,b999c01a-a3ab-4114-9f3b-5a6214d4f965,c508c40c-2fff-4eb4-8872-1444859ca1ae,注意報,,2020-01-01T00:00:00.000Z,2025-10-09T16:00:47.887Z
b3ef5552-e26b-4ade-a587-9d78f7df97ab,e2618614-eae4-49ca-b297-e54b435e1d10,c508c40c-2fff-4eb4-8872-1444859ca1ae,注意報,,2020-01-01T00:00:00.000Z,2025-10-09T16:00:47.887Z
d2a1492b-c7e0-4461-aae3-4aa43f2376a4,b8d8e651-f95e-4e93-ad3f-966cf6aa42eb,c508c40c-2fff-4eb4-8872-1444859ca1ae,注意報,,2020-01-01T00:00:00.000Z,2025-10-09T16:00:47.887Z
d15cca45-31db-4321-bc5c-62f6e662ff7f,5aaac8c4-2d7d-433c-93be-66f07a0aa05f,c508c40c-2fff-4eb4-8872-1444859ca1ae,特殊報,,2020-01-01T00:00:00.000Z,2025-10-09T16:00:47.887Z
abb013bb-f6ce-45fb-92dc-c1d2dfaa2229,08eea7a5-9350-43f2-9d84-4c69de82dff0,c508c40c-2fff-4eb4-8872-1444859ca1ae,特殊報,,2020-01-01T00:00:00.000Z,2025-10-09T16:00:47.887Z
05afcba3-0e3b-4613-bd8c-6b4642e86aac,a48f1d7c-9295-4443-8d3a-2e97d1205aa4,c508c40c-2fff-4eb4-8872-1444859ca1ae,特殊報,,2020-01-01T00:00:00.000Z,2025-10-09T16:00:47.887Z
ff38eccd-efe7-4e0c-8fb3-752f214fecc1,39edc3b0-4f34-4096-8e77-95f5db3be447,c508c40c-2fff-4eb4-8872-1444859ca1ae,注意報,,2020-01-01T00:00:00.000Z,2025-10-09T16:00:47.887Z
3201a9e2-0ace-4d74-be77-6fb6b9e1a62b,d8722384-5b58-48a6-b7c3-bb147a60dc44,c508c40c-2fff-4eb4-8872-1444859ca1ae,注意報,,2020-01-01T00:00:00.000Z,2025-10-09T16:00:47.887Z
12e4c92a-d4c0-49b1-9bbc-69feb9478c94,f227c5f1-f0bf-41bb-8476-156343c09d5c,c508c40c-2fff-4eb4-8872-1444859ca1ae,注意報,,2020-01-01T00:00:00.000Z,2025-10-09T16:00:47.887Z
a67f2d27-6716-45bb-8a9e-5819ccbb1eef,0ed5116a-8295-433a-a15b-fea2c164161c,c508c40c-2fff-4eb4-8872-1444859ca1ae,特殊報,,2020-01-01T00:00:00.000Z,2025-10-09T16:00:47.887Z
af7b0929-15fe-4fab-8939-4c5c7e45ab19,d5cb1a9d-7dca-4584-8269-1c619314ce8b,c508c40c-2fff-4eb4-8872-1444859ca1ae,特殊報,,2020-01-01T00:00:00.000Z,2025-10-09T16:00:47.887Z
32d91665-823d-4cf9-af1f-73d5998026c4,2c44d270-0416-47a2-8293-7bcce560d3c9,c508c40c-2fff-4eb4-8872-1444859ca1ae,特殊報,,2020-01-01T00:00:00.000Z,2025-10-09T16:00:47.887Z
73bcd0a0-d418-4ad9-ade6-2aa7c19258a1,a62e9739-0b59-418d-b1aa-24db2d2b904b,c508c40c-2fff-4eb4-8872-1444859ca1ae,注意報,,2020-01-01T00:00:00.000Z,2025-10-09T16:00:47.887Z
692a2e17-d14e-45fd-836e-b3e30b5bf8a6,2f5264c4-9bd8-43f4-ba94-ce0128c02c2c,c508c40c-2fff-4eb4-8872-1444859ca1ae,特殊報,,2020-01-01T00:00:00.000Z,2025-10-09T16:00:47.887Z
2d8b8a22-39c3-4508-a3c5-a035dc7a076b,0d857ef3-7cd8-4b63-93c8-8c143689e3a4,c508c40c-2fff-4eb4-8872-1444859ca1ae,注意報,,2020-01-01T00:00:00.000Z,2025-10-09T16:00:47.887Z
9fad326c-880f-48a8-93f0-cacd96e5d904,dfb8ef19-0ee3-4ea5-870c-3b111a8a3c50,c508c40c-2fff-4eb4-8872-1444859ca1ae,注意報,,2020-01-01T00:00:00.000Z,2025-10-09T16:00:47.887Z
b24b94cc-bf52-4d90-8456-1c5b29b2d4e3,76c3a06a-afd1-4cbe-9e58-8a10562c2767,c508c40c-2fff-4eb4-8872-1444859ca1ae,注意報,,2020-01-01T00:00:00.000Z,2025-10-09T16:00:47.887Z
54d81634-9ed1-4842-927f-7d5094d88894,dabc3f85-85ce-4b5f-8c40-c95b23600ba2,c508c40c-2fff-4eb4-8872-1444859ca1ae,注意報,,2020-01-01T00:00:00.000Z,2025-10-09T16:00:47.887Z
97f3627c-acd6-4b3d-8585-100fad77c731,a2eb363b-4f8a-48a5-9c16-3d59effd6357,c508c40c-2fff-4eb4-8872-1444859ca1ae,注意報,,2020-01-01T00:00:00.000Z,2025-10-09T16:00:47.887Z
c12501f7-dc91-4805-bdcb-a2deb3261b82,33fd6981-d1f1-4b7e-850f-3e2d833a8168,c508c40c-2fff-4eb4-8872-1444859ca1ae,注意報,,2020-01-01T00:00:00.000Z,2025-10-09T16:00:47.887Z
da27440b-14c2-4c6b-b73d-5d23c2f2e522,582103bb-ea04-4cb7-a844-bff4cd65704b,c508c40c-2fff-4eb4-8872-1444859ca1ae,特殊報,,2020-01-01T00:00:00.000Z,2025-10-09T16:00:47.887Z
3a5134ef-f4ca-4ba3-93b7-b9999e4f01a0,96b9ef50-6630-4bc2-8b06-cfb95caa1eaf,c508c40c-2fff-4eb4-8872-1444859ca1ae,注意報,,2020-01-01T00:00:00.000Z,2025-10-09T16:00:47.887Z
b6af5256-02f8-4f48-9c81-c663018d38ba,541f86a4-41d2-4715-8753-d0cb91f51373,c508c40c-2fff-4eb4-8872-1444859ca1ae,注意報,,2020-01-01T00:00:00.000Z,2025-10-09T16:00:47.887Z
d5cd9db3-d731-42a1-a3bc-25cc9874b78e,0bbbadd9-e3cd-4dec-a109-e7a8a5706eed,c508c40c-2fff-4eb4-8872-1444859ca1ae,特殊報,,2020-01-01T00:00:00.000Z,2025-10-09T16:00:47.887Z
932dd025-e889-4d2f-af47-c1234e029bbc,ad7be783-9e64-49a7-b2a3-90a0bdbd359c,c508c40c-2fff-4eb4-8872-1444859ca1ae,注意報,,2020-01-01T00:00:00.000Z,2025-10-09T16:00:47.887Z
ed89c110-c5fa-4bb1-8c60-a45d67572698,87411b49-6500-4934-9a43-0e71d7dc7e73,c508c40c-2fff-4eb4-8872-1444859ca1ae,特殊報,,2020-01-01T00:00:00.000Z,2025-10-09T16:00:47.887Z
65aa93fb-2880-47bf-b46e-d66ca3ba9f6b,c54be9ba-a5b0-4eee-bbc8-3baeaa9b087f,c508c40c-2fff-4eb4-8872-1444859ca1ae,注意報,,2020-01-01T00:00:00.000Z,2025-10-09T16:00:47.887Z
efaecbee-791f-401e-aa52-0239f33ec888,b670de92-0388-4998-9f6b-86a81f34e93c,c508c40c-2fff-4eb4-8872-1444859ca1ae,特殊報,,2020-01-01T00:00:00.000Z,2025-10-09T16:00:47.887Z
9ac59bb8-0773-40ad-b89d-fff935d29f8f,1e831e88-280c-4f05-ae45-b993dbf8a91f,c508c40c-2fff-4eb4-8872-1444859ca1ae,特殊報,,2020-01-01T00:00:00.000Z,2025-10-09T16:00:47.887Z
3701d916-f1e6-4177-ab22-362e91df2082,f0ac5701-3f46-433e-b8a6-41be42ec05f6,c508c40c-2fff-4eb4-8872-1444859ca1ae,注意報,,2020-01-01T00:00:00.000Z,2025-10-09T16:00:47.887Z
83e5f156-3b4d-4e72-8fd0-f621fcec233d,559514e3-406b-42cb-9f94-a5bb3b7f5e1b,c508c40c-2fff-4eb4-8872-1444859ca1ae,注意報,,2020-01-01T00:00:00.000Z,2025-10-09T16:00:47.887Z
605fb99a-38f9-42a3-9881-f994c48c9f84,46ac54fb-21af-4fbc-ad8f-24ba5c3b793a,c508c40c-2fff-4eb4-8872-1444859ca1ae,注意報,,2020-01-01T00:00:00.000Z,2025-10-09T16:00:47.887Z
acfd772f-7997-4359-a461-fb28a4de7ed1,50e8717e-8554-4702-9c60-4dcd648f52e4,c508c40c-2fff-4eb4-8872-1444859ca1ae,注意報,,2020-01-01T00:00:00.000Z,2025-10-09T16:00:47.887Z
f94a62ef-0ce6-461a-8829-93c4c00dd6a8,a4010dc0-d6d6-4a0b-bcf9-8e249a04da42,c508c40c-2fff-4eb4-8872-1444859ca1ae,注意報,,2020-01-01T00:00:00.000Z,2025-10-09T16:00:47.887Z
9e901bfd-09fb-4127-9b25-43ce999027e6,ea133dd3-47a0-4f49-8de7-fd3e27556f3d,c508c40c-2fff-4eb4-8872-1444859ca1ae,注意報,,2020-01-01T00:00:00.000Z,2025-10-09T16:00:47.887Z
aea58a1e-423b-4902-8414-45e683548661,d7d4fd23-db02-40f0-81ff-09a9980cee97,c508c40c-2fff-4eb4-8872-1444859ca1ae,特殊報,,2020-01-01T00:00:00.000Z,2025-10-09T16:00:47.887Z
f70a1620-91aa-428e-9afd-899e44e07e4d,850fcb18-a0cc-47e7-aec4-4c5a9fb4a48f,c508c40c-2fff-4eb4-8872-1444859ca1ae,注意報,,2020-01-01T00:00:00.000Z,2025-10-09T16:00:47.887Z
dd218acb-6e0f-4a6e-8e36-66f9c3e59630,26351692-c26f-412d-829d-3751e493cd2f,c508c40c-2fff-4eb4-8872-1444859ca1ae,特殊報,,2020-01-01T00:00:00.000Z,2025-10-09T16:00:47.887Z
8456bf6c-aead-43a3-9ebc-a2e03c17daef,c7d60c02-0112-4ad6-b87a-d068969124ee,c508c40c-2fff-4eb4-8872-1444859ca1ae,特殊報,,2020-01-01T00:00:00.000Z,2025-10-09T16:00:47.887Z
ec30d844-c2f3-4246-8d14-efafba0568f4,413da60b-fafa-43ba-94ef-b194c3a5d6f5,c508c40c-2fff-4eb4-8872-1444859ca1ae,注意報,,2020-01-01T00:00:00.000Z,2025-10-09T16:00:47.887Z
0535d4d7-b2bf-4112-ae88-d29a92851548,b7dc5a7d-fe0b-48d5-bc4b-fa34939ad099,c508c40c-2fff-4eb4-8872-1444859ca1ae,注意報,,2020-01-01T00:00:00.000Z,2025-10-09T16:00:47.887Z
06a9227a-e437-49b1-9781-b51b130a4245,274df364-9bd4-4073-9823-3064ab51d5dd,c508c40c-2fff-4eb4-8872-1444859ca1ae,特殊報,,2020-01-01T00:00:00.000Z,2025-10-09T16:00:47.887Z
d1e729d9-1c7f-4810-bde4-4eaf26367c35,6d84927b-de94-4dd6-b55e-341e2ba4bc5f,c508c40c-2fff-4eb4-8872-1444859ca1ae,警報,,2020-01-01T00:00:00.000Z,2025-10-09T16:00:47.887Z
9765892c-f891-46a5-bac6-d617b4b932b1,9667f188-9621-4305-92a7-f73c57c1b090,c508c40c-2fff-4eb4-8872-1444859ca1ae,特殊報,,2020-01-01T00:00:00.000Z,2025-10-09T16:00:47.887Z
9748b26d-6188-46db-9d5a-9a2ee0ca10d5,8e60c2a0-55d0-48d6-8b2d-0a3842f05c73,c508c40c-2fff-4eb4-8872-1444859ca1ae,特殊報,,2020-01-01T00:00:00.000Z,2025-10-09T16:00:47.887Z
7bf231ec-62ad-4089-b3b4-e1a82dc0c4d8,6d6dec54-7957-4aec-a638-9f2ef101c616,c508c40c-2fff-4eb4-8872-1444859ca1ae,特殊報,,2020-01-01T00:00:00.000Z,2025-10-09T16:00:47.887Z
fa21f631-88b3-433f-8817-acdac6c368ec,066a7aa2-e343-4b3c-bc48-b651ee18f5de,c508c40c-2fff-4eb4-8872-1444859ca1ae,特殊報,,2020-01-01T00:00:00.000Z,2025-10-09T16:00:47.887Z
44c92718-698a-478a-91ab-23e02a794e1d,15ccc3f7-d0a0-45cf-914c-4a9bf960b981,c508c40c-2fff-4eb4-8872-1444859ca1ae,特殊報,,2020-01-01T00:00:00.000Z,2025-10-09T16:00:47.887Z
89c62271-92c6-43b0-a929-5b11ab6b1dec,7ce9c4e5-90d4-45c7-b84c-edb5c48e7292,c508c40c-2fff-4eb4-8872-1444859ca1ae,注意報,,2020-01-01T00:00:00.000Z,2025-10-09T16:00:47.887Z
387760e2-a2c2-411a-b6c2-58458f2b8f02,5953bbbc-b39a-4b36-900e-766521e4cf22,c508c40c-2fff-4eb4-8872-1444859ca1ae,特殊報,,2020-01-01T00:00:00.000Z,2025-10-09T16:00:47.887Z
9831dcc5-0cd3-4f46-b97a-7629e50093df,819a5f9d-0f15-442f-ae78-8ed0b6e4b67e,c508c40c-2fff-4eb4-8872-1444859ca1ae,特殊報,,2020-01-01T00:00:00.000Z,2025-10-09T16:00:47.887Z
80a183ef-26cf-4be6-8728-af377511546d,492d9d6f-de71-42a6-abfb-9d6eecb70c39,c508c40c-2fff-4eb4-8872-1444859ca1ae,特殊報,,2020-01-01T00:00:00.000Z,2025-10-09T16:00:47.887Z
55ece473-a952-4f21-8f9f-4272bb211c7a,9c6e0dca-7f28-459e-ab9b-3783ba8eb5dd,c508c40c-2fff-4eb4-8872-1444859ca1ae,特殊報,,2020-01-01T00:00:00.000Z,2025-10-09T16:00:47.887Z
a3ad089b-8112-4879-82a8-166abef47b2a,910a75b3-085b-442b-bc55-1f6d535c01a8,c508c40c-2fff-4eb4-8872-1444859ca1ae,注意報,,2020-01-01T00:00:00.000Z,2025-10-09T16:00:47.887Z
e98cbbcc-c513-43d3-bd95-fa803af8a5c5,28a54ddb-0953-4e69-9983-7d6611c928ee,c508c40c-2fff-4eb4-8872-1444859ca1ae,特殊報,,2020-01-01T00:00:00.000Z,2025-10-09T16:00:47.887Z
dfe3dce0-2775-4180-9484-c04deba0471d,0301f04d-9195-4183-b6d1-49b17238421b,c508c40c-2fff-4eb4-8872-1444859ca1ae,特殊報,,2020-01-01T00:00:00.000Z,2025-10-09T16:00:47.887Z
162da91c-43d2-498a-87ed-0a844b4d0c64,8bd655a5-94db-4fb0-97ea-7cd92f9cccdf,c508c40c-2fff-4eb4-8872-1444859ca1ae,特殊報,,2020-01-01T00:00:00.000Z,2025-10-09T16:00:47.887Z
19248247-7933-4c98-a6c4-46e7755ef7d8,a154ee6f-a886-4f1d-91a8-16ac665b6096,c508c40c-2fff-4eb4-8872-1444859ca1ae,特殊報,,2020-01-01T00:00:00.000Z,2025-10-09T16:00:47.887Z
b52c2f4a-904a-43d1-866f-cab22ed15f5b,3781429a-cfce-4f6a-90bb-f57da62e140e,c508c40c-2fff-4eb4-8872-1444859ca1ae,注意報,,2020-01-01T00:00:00.000Z,2025-10-09T16:00:47.887Z
4cbaa1ba-5def-43b7-84f0-2f5dca78ca12,e1faa4a9-5c53-40e0-b395-a76a008a291c,c508c40c-2fff-4eb4-8872-1444859ca1ae,特殊報,,2020-01-01T00:00:00.000Z,2025-10-09T16:00:47.887Z
3fef0d98-c91b-4053-be85-a27080b5dfdf,e1ba5602-9375-46f7-8340-6e15cb86db30,c508c40c-2fff-4eb4-8872-1444859ca1ae,注意報,,2020-01-01T00:00:00.000Z,2025-10-09T16:00:47.887Z
9d236561-34c2-4ffc-a895-a0473ecd140b,f82ba886-854e-41ae-9ce9-2e2a71ee8bbc,c508c40c-2fff-4eb4-8872-1444859ca1ae,特殊報,,2020-01-01T00:00:00.000Z,2025-10-09T16:00:47.887Z
b239e1ee-98db-421b-ad9e-6f99b8047afa,2db1dcf1-9adb-4f32-888a-7bb79970e488,c508c40c-2fff-4eb4-8872-1444859ca1ae,特殊報,,2020-01-01T00:00:00.000Z,2025-10-09T16:00:47.887Z
b2554b45-f058-4dc7-b528-c4efb0faef87,c6fd8632-76cd-4c4d-920c-01e7afc2215c,c508c40c-2fff-4eb4-8872-1444859ca1ae,特殊報,,2020-01-01T00:00:00.000Z,2025-10-09T16:00:47.887Z
bef42499-84be-4867-b5cc-dca99e43e039,a224793a-5c18-44be-bb04-1a2201980e82,c508c40c-2fff-4eb4-8872-1444859ca1ae,注意報,,2020-01-01T00:00:00.000Z,2025-10-09T16:00:47.887Z
fc97154a-944a-427d-9719-59dfcff6669f,4808cfca-7bf8-44bb-814c-2775e80ae1a0,c508c40c-2fff-4eb4-8872-1444859ca1ae,注意報,,2020-01-01T00:00:00.000Z,2025-10-09T16:00:47.887Z
0d1f4b28-36fe-43f0-b54e-b18887adb2bf,b13be680-69e7-41b6-a11f-cb8d42d9a649,c508c40c-2fff-4eb4-8872-1444859ca1ae,特殊報,,2020-01-01T00:00:00.000Z,2025-10-09T16:00:47.887Z
c3837c3b-b7ed-40dc-ad95-e21d2291ae4a,da099d5d-36ac-4a40-ad20-c9cb5164e9ac,c508c40c-2fff-4eb4-8872-1444859ca1ae,注意報,,2020-01-01T00:00:00.000Z,2025-10-09T16:00:47.887Z
18a5fc5a-d4be-4aa8-89e5-952cae67d24c,db2851d1-0ad7-454d-8a58-8674cef44902,c508c40c-2fff-4eb4-8872-1444859ca1ae,注意報,,2020-01-01T00:00:00.000Z,2025-10-09T16:00:47.887Z
d368d096-4bef-4df9-b87d-db32eabb0d6b,b8f64d2d-5a85-428d-bca4-55a4df0d3115,c508c40c-2fff-4eb4-8872-1444859ca1ae,注意報,,2020-01-01T00:00:00.000Z,2025-10-09T16:00:47.887Z
ddb62acf-4b01-4060-8855-520917d8db07,10b58ed5-6733-433c-af1d-43900050618b,c508c40c-2fff-4eb4-8872-1444859ca1ae,注意報,,2020-01-01T00:00:00.000Z,2025-10-09T16:00:47.887Z
8c6f5d3e-180b-4b22-857f-9fe93fd4e275,6ebac22e-dee6-43c3-96f8-655a340a768c,c508c40c-2fff-4eb4-8872-1444859ca1ae,特殊報,,2020-01-01T00:00:00.000Z,2025-10-09T16:00:47.887Z
90979238-a2a6-43f9-a59a-5d3b6b58dacf,b3ebc044-2735-4dac-a86f-b7be47fa1fd2,c508c40c-2fff-4eb4-8872-1444859ca1ae,注意報,,2020-01-01T00:00:00.000Z,2025-10-09T16:00:47.887Z
f841717c-84b5-4b2e-a882-da38e961eff2,6da7405f-5b51-4202-8e9c-23fe4f51ce3d,c508c40c-2fff-4eb4-8872-1444859ca1ae,注意報,,2020-01-01T00:00:00.000Z,2025-10-09T16:00:47.887Z
0aeadbc9-3296-4f0b-89a1-36b52c1db51e,0fd3652f-b05c-47cb-86d7-3680e49a6f99,c508c40c-2fff-4eb4-8872-1444859ca1ae,注意報,,2020-01-01T00:00:00.000Z,2025-10-09T16:00:47.887Z
cc6dc4dc-17cc-4d99-af3f-9976a6c4d8bf,16892ad1-87a6-4578-9499-3d206a832208,c508c40c-2fff-4eb4-8872-1444859ca1ae,注意報,,2020-01-01T00:00:00.000Z,2025-10-09T16:00:47.887Z
ed321952-cfbf-4ba9-9162-f57fd69c96bd,fb29b22b-b3e0-41d3-9a84-af3c32b19dfa,c508c40c-2fff-4eb4-8872-1444859ca1ae,注意報,,2020-01-01T00:00:00.000Z,2025-10-09T16:00:47.887Z
083bd67b-640c-4d22-a484-e93fb487f085,c851e39e-eba5-4a00-ac10-399f3019a5bb,c508c40c-2fff-4eb4-8872-1444859ca1ae,注意報,,2020-01-01T00:00:00.000Z,2025-10-09T16:00:47.887Z
cd21bd59-157c-466d-98c5-ce12b41b27f5,01cc3847-edbc-4c6c-aab4-2c5d5d10ed35,c508c40c-2fff-4eb4-8872-1444859ca1ae,注意報,,2020-01-01T00:00:00.000Z,2025-10-09T16:00:47.887Z
1d6006d2-1cd4-40bb-b11e-b6d8b032ddab,6ef02046-379f-45c5-8a71-63b444ab4eef,c508c40c-2fff-4eb4-8872-1444859ca1ae,注意報,,2020-01-01T00:00:00.000Z,2025-10-09T16:00:47.887Z
3a676efd-e984-473f-9c9e-cdaac8a4050d,b2aec8a7-9599-4154-8f87-40070f784082,c508c40c-2fff-4eb4-8872-1444859ca1ae,注意報,,2020-01-01T00:00:00.000Z,2025-10-09T16:00:47.887Z
19b18def-f6b3-4d38-842b-b8b64b1822f2,4989eabf-0b66-45eb-a11c-02e73817f597,c508c40c-2fff-4eb4-8872-1444859ca1ae,注意報,,2020-01-01T00:00:00.000Z,2025-10-09T16:00:47.887Z
98982dca-b551-4c7b-9449-be18ecc6b888,39548ae0-02ef-4b20-8f74-8e6c02173cc1,c508c40c-2fff-4eb4-8872-1444859ca1ae,注意報,,2020-01-01T00:00:00.000Z,2025-10-09T16:00:47.887Z
4201fe47-11af-4755-a358-a9e10fc64888,7e6e3493-33a9-4253-b075-f59cd0ba2974,c508c40c-2fff-4eb4-8872-1444859ca1ae,注意報,,2020-01-01T00:00:00.000Z,2025-10-09T16:00:47.887Z
49624b1c-41c0-46e1-b0f6-2b478bb1f507,8f8af41f-6740-4196-934d-ed346cbf520d,c508c40c-2fff-4eb4-8872-1444859ca1ae,注意報,,2020-01-01T00:00:00.000Z,2025-10-09T16:00:47.887Z
bfe1ef49-76b2-4b1b-8b46-53216a3fb01c,efd6ce8b-1b4b-4502-94cb-67e2faa12f7d,c508c40c-2fff-4eb4-8872-1444859ca1ae,特殊報,,2020-01-01T00:00:00.000Z,2025-10-09T16:00:47.887Z
00bef40d-16cb-4cfd-be26-2f53ac6acdb5,9b16f6e8-b50a-4b2c-9175-2900f900572a,c508c40c-2fff-4eb4-8872-1444859ca1ae,特殊報,,2020-01-01T00:00:00.000Z,2025-10-09T16:00:47.887Z
1ed90e70-51fd-4e79-a8ec-12f329d3b2e8,931bdc82-dc96-4257-a6de-6f90755d5400,c508c40c-2fff-4eb4-8872-1444859ca1ae,注意報,,2020-01-01T00:00:00.000Z,2025-10-09T16:00:47.887Z
bcf6e28a-edcf-47d0-8abe-6b964a74ba9c,eb8fedf1-196c-4e64-bb90-9f9158b8b180,c508c40c-2fff-4eb4-8872-1444859ca1ae,特殊報,,2020-01-01T00:00:00.000Z,2025-10-09T16:00:47.887Z
c866b919-1e78-4ce9-a83f-2c26099d7079,f0f7bf4f-194f-4129-8f8c-fa14e621eca8,c508c40c-2fff-4eb4-8872-1444859ca1ae,注意報,,2020-01-01T00:00:00.000Z,2025-10-09T16:00:47.887Z
ddc1dfdf-d4d3-40d2-98a3-ee9aba0d40cd,e51d9d82-34a7-46e9-805d-ab325c1c7017,c508c40c-2fff-4eb4-8872-1444859ca1ae,注意報,,2020-01-01T00:00:00.000Z,2025-10-09T16:00:47.887Z
191ae810-33e8-4790-97c1-6daf25bff769,522cc5a1-f409-4c80-8e68-1cae86a62bf8,c508c40c-2fff-4eb4-8872-1444859ca1ae,注意報,,2020-01-01T00:00:00.000Z,2025-10-09T16:00:47.887Z
3dca152f-cd2c-491f-8965-912b11bdce79,45686327-7ada-45cb-9ed4-e7a1b752794f,c508c40c-2fff-4eb4-8872-1444859ca1ae,注意報,,2020-01-01T00:00:00.000Z,2025-10-09T16:00:47.887Z
5c94ce09-b8c2-42a5-8425-81bf57667575,65b87499-3d90-4b23-b920-4fd272360eee,c508c40c-2fff-4eb4-8872-1444859ca1ae,注意報,,2020-01-01T00:00:00.000Z,2025-10-09T16:00:47.887Z
a011a551-e155-44b3-9df9-74ebee7dc385,644589a6-db89-4477-b059-d8b368997936,c508c40c-2fff-4eb4-8872-1444859ca1ae,注意報,,2020-01-01T00:00:00.000Z,2025-10-09T16:00:47.887Z
02a53bef-b21f-49d2-984a-7698382ea164,ddf8f9bd-4b01-429b-900d-eedaaaa3a55f,c508c40c-2fff-4eb4-8872-1444859ca1ae,注意報,,2020-01-01T00:00:00.000Z,2025-10-09T16:00:47.887Z
c4919638-dba4-477c-a89a-c5d891e921ad,58f1e610-63db-464b-92ce-bce5c40f57f4,c508c40c-2fff-4eb4-8872-1444859ca1ae,特殊報,,2020-01-01T00:00:00.000Z,2025-10-09T16:00:47.887Z
0a2249f9-1db6-4c6f-99b9-370a10ae3fd3,ead25dcb-dc1c-4cce-a70d-14a225ff961a,c508c40c-2fff-4eb4-8872-1444859ca1ae,特殊報,,2020-01-01T00:00:00.000Z,2025-10-09T16:00:47.887Z
ddd8c9a1-77a8-4989-b167-2e4b8b32f9e4,759eced9-9c0d-41fa-93dc-c88207793c0b,c508c40c-2fff-4eb4-8872-1444859ca1ae,注意報,,2020-01-01T00:00:00.000Z,2025-10-09T16:00:47.887Z
56351a0e-e742-4668-88fa-8e30db6b9417,485c48c9-79d8-4dc5-a9de-ba88eb22c061,c508c40c-2fff-4eb4-8872-1444859ca1ae,注意報,,2020-01-01T00:00:00.000Z,2025-10-09T16:00:47.887Z
5a8ca0d1-9c60-4f7f-a4d4-4a78ffc37f57,adbfb645-30bc-4aa5-a6a4-383edcb44344,c508c40c-2fff-4eb4-8872-1444859ca1ae,注意報,,2020-01-01T00:00:00.000Z,2025-10-09T16:00:47.887Z
94d5f64b-af53-40a1-ba50-1b5893517627,f432478b-a36f-49f7-969a-175e28042806,c508c40c-2fff-4eb4-8872-1444859ca1ae,特殊報,,2020-01-01T00:00:00.000Z,2025-10-09T16:00:47.887Z
4e7a41c3-93af-4c02-baba-6cb87942a416,cb56ce71-4dba-47c3-b949-6f8377594bdf,c508c40c-2fff-4eb4-8872-1444859ca1ae,注意報,,2020-01-01T00:00:00.000Z,2025-10-09T16:00:47.887Z
a9b629b0-92b8-494d-8969-5524ab6a0b90,4daa1ab5-01d6-4932-b686-8a93db0a10dd,c508c40c-2fff-4eb4-8872-1444859ca1ae,注意報,,2020-01-01T00:00:00.000Z,2025-10-09T16:00:47.887Z
ad92c9ce-b8f2-474c-a631-a3d1065437ab,ea279068-09b6-49d1-9926-4d5924dca6a9,c508c40c-2fff-4eb4-8872-1444859ca1ae,注意報,,2020-01-01T00:00:00.000Z,2025-10-09T16:00:47.887Z
a747f7c7-b21f-4690-97e2-0e44a1f2a39f,b5ce00d9-a525-4992-9956-7544d4fef70c,c508c40c-2fff-4eb4-8872-1444859ca1ae,注意報,,2020-01-01T00:00:00.000Z,2025-10-09T16:00:47.887Z
507f43da-950d-4863-b76f-89e3e00429bb,29b21154-868c-4468-a544-384757028e86,c508c40c-2fff-4eb4-8872-1444859ca1ae,注意報,,2020-01-01T00:00:00.000Z,2025-10-09T16:00:47.887Z
133c86d2-2fc8-49e1-bb6b-91a4a7ed44db,2b832fa7-c219-4c45-b365-123b7dbdcbc8,c508c40c-2fff-4eb4-8872-1444859ca1ae,注意報,,2020-01-01T00:00:00.000Z,2025-10-09T16:00:47.887Z
f6c05667-4286-4121-88e4-d725965ce66f,cf50c151-0a83-49e2-822a-911fe693d0dd,c508c40c-2fff-4eb4-8872-1444859ca1ae,注意報,,2020-01-01T00:00:00.000Z,2025-10-09T16:00:47.887Z
0c546b4d-0ff5-4478-b1fe-6273553ef7b6,c2c863af-0bea-4424-a9d5-7c98d2ae8197,c508c40c-2fff-4eb4-8872-1444859ca1ae,注意報,,2020-01-01T00:00:00.000Z,2025-10-09T16:00:47.887Z
f132cc65-c816-4b09-8992-46bbdf4421ce,bcdd84ce-67f0-41f0-83a1-71d0f2a32578,c508c40c-2fff-4eb4-8872-1444859ca1ae,注意報,,2020-01-01T00:00:00.000Z,2025-10-09T16:00:47.887Z
cfd81400-d863-4a53-872b-7f38b07e454a,17a35870-2d1c-4d23-a064-5dde60bc9c99,c508c40c-2fff-4eb4-8872-1444859ca1ae,注意報,,2020-01-01T00:00:00.000Z,2025-10-09T16:00:47.887Z
876858ee-7b4c-437a-86e6-75dc5a1ad538,fdbc511b-5f26-4b6e-96a0-a04224805614,c508c40c-2fff-4eb4-8872-1444859ca1ae,特殊報,,2020-01-01T00:00:00.000Z,2025-10-09T16:00:47.887Z
998c5cdc-380d-4fdb-a08a-e415bf4ad3bb,4715149d-0de5-4243-b58f-003549364392,c508c40c-2fff-4eb4-8872-1444859ca1ae,注意報,,2020-01-01T00:00:00.000Z,2025-10-09T16:00:47.887Z
b89f2c2f-d4dc-4807-9636-cf3467f895b3,8543e1f4-a066-4593-9d32-05d2b6148d5d,c508c40c-2fff-4eb4-8872-1444859ca1ae,注意報,,2020-01-01T00:00:00.000Z,2025-10-09T16:00:47.887Z
0de4f216-43f7-43d8-b6b8-0d0d289607b3,1f25d3ae-a312-407c-9692-7783d742fe6a,c508c40c-2fff-4eb4-8872-1444859ca1ae,注意報,,2020-01-01T00:00:00.000Z,2025-10-09T16:00:47.887Z
a46e917a-c439-443a-9ce0-dacab4e0003c,0f62b148-7687-40e4-8d04-ca2a3276d24a,c508c40c-2fff-4eb4-8872-1444859ca1ae,注意報,,2020-01-01T00:00:00.000Z,2025-10-09T16:00:47.887Z
9abfc3e2-6e0b-4cab-8b35-4fd5b3997473,89ea7dde-0a8e-414b-91eb-cd0b978d4ef7,c508c40c-2fff-4eb4-8872-1444859ca1ae,特殊報,,2020-01-01T00:00:00.000Z,2025-10-09T16:00:47.887Z
0509e1da-3a32-4319-8942-f353774d0de2,90d7009d-8d47-4a0d-afbc-fd3f639b1083,c508c40c-2fff-4eb4-8872-1444859ca1ae,注意報,,2020-01-01T00:00:00.000Z,2025-10-09T16:00:47.887Z
c9160422-424c-432d-aa11-710a03c3048c,08501666-4ae6-4f8b-86ec-ac7d3c4dec94,c508c40c-2fff-4eb4-8872-1444859ca1ae,注意報,,2020-01-01T00:00:00.000Z,2025-10-09T16:00:47.887Z
ec0fa881-7221-43de-9004-cbd51a539beb,77ad7e02-2639-4219-8c2c-aeaa52c78788,c508c40c-2fff-4eb4-8872-1444859ca1ae,注意報,,2020-01-01T00:00:00.000Z,2025-10-09T16:00:47.887Z
fae07f78-2f0f-4cfb-9b07-4f4bf9297784,0b83a917-cfc4-478b-814a-5d295e6079b8,c508c40c-2fff-4eb4-8872-1444859ca1ae,注意報,,2020-01-01T00:00:00.000Z,2025-10-09T16:00:47.887Z
c2aa3f8d-a5e1-4a12-a760-3b1a1586a8ad,46a0ff96-6301-45d0-a4e3-39f55698c0ad,c508c40c-2fff-4eb4-8872-1444859ca1ae,注意報,,2020-01-01T00:00:00.000Z,2025-10-09T16:00:47.887Z
a62d6ba0-2d0a-4f07-98c2-2c625eaf7fa2,fd7cbff7-350b-4a3c-9afe-9d16f5d759c1,c508c40c-2fff-4eb4-8872-1444859ca1ae,注意報,,2020-01-01T00:00:00.000Z,2025-10-09T16:00:47.887Z
cd10669c-398a-46f8-a958-803480e24a0a,1f68ec68-3b4e-423f-b613-3dc6ec562a10,c508c40c-2fff-4eb4-8872-1444859ca1ae,注意報,,2020-01-01T00:00:00.000Z,2025-10-09T16:00:47.887Z
74bd2517-a9c3-4808-8152-3920764cbbd7,18e65b9f-a738-4acc-baf7-619363741041,c508c40c-2fff-4eb4-8872-1444859ca1ae,注意報,,2020-01-01T00:00:00.000Z,2025-10-09T16:00:47.887Z
4e497630-4b01-4a88-a8b6-2479e136b397,c5447d9b-19ea-40e6-b624-ae23b0433b51,c508c40c-2fff-4eb4-8872-1444859ca1ae,注意報,,2020-01-01T00:00:00.000Z,2025-10-09T16:00:47.887Z
0e92bbaa-0f92-43b3-adc9-7cf16b3076dc,3c8f674e-c3a9-4214-b46e-f9fcec93e7e0,c508c40c-2fff-4eb4-8872-1444859ca1ae,注意報,,2020-01-01T00:00:00.000Z,2025-10-09T16:00:47.887Z
86fcf4df-af3d-40f0-af69-ff53cbe2343d,d0e614fa-62de-488c-9116-88cfc8ffe143,c508c40c-2fff-4eb4-8872-1444859ca1ae,注意報,,2020-01-01T00:00:00.000Z,2025-10-09T16:00:47.887Z
226f4368-5175-4b28-b62b-1c1afcfdd508,2cf8c574-d53f-43ca-b1b5-87f94752200f,c508c40c-2fff-4eb4-8872-1444859ca1ae,注意報,,2020-01-01T00:00:00.000Z,2025-10-09T16:00:47.887Z
2331ee3e-d013-4232-81d1-74daec808d2c,c397f99f-cc15-4648-adf3-f2005d7a13d4,c508c40c-2fff-4eb4-8872-1444859ca1ae,注意報,,2020-01-01T00:00:00.000Z,2025-10-09T16:00:47.887Z
03e14908-5f15-4d51-b5f2-33070becca4b,40443e51-5a62-414a-bdf2-3db07d2dc3ff,c508c40c-2fff-4eb4-8872-1444859ca1ae,特殊報,,2020-01-01T00:00:00.000Z,2025-10-09T16:00:47.887Z
b4c81baa-e894-48ac-a8b5-a68afcd83c0f,fbf04a6a-7d6d-41b1-898b-a2045fc5283f,c508c40c-2fff-4eb4-8872-1444859ca1ae,注意報,,2020-01-01T00:00:00.000Z,2025-10-09T16:00:47.887Z
b053abf6-124c-4c92-a927-1863e20dfc93,00cb4f87-799f-4440-9a5e-82a2832e84cf,c508c40c-2fff-4eb4-8872-1444859ca1ae,注意報,,2020-01-01T00:00:00.000Z,2025-10-09T16:00:47.887Z
35006e86-e021-4285-ac22-eeeb7acdb458,0f50f073-57f0-4dfd-84c9-a71fa11bb3aa,c508c40c-2fff-4eb4-8872-1444859ca1ae,注意報,,2020-01-01T00:00:00.000Z,2025-10-09T16:00:47.887Z
96b73bb1-e9e4-4b1f-9107-ba945f665f48,e7e5a815-e589-4d50-8176-ce980a952f93,c508c40c-2fff-4eb4-8872-1444859ca1ae,注意報,,2020-01-01T00:00:00.000Z,2025-10-09T16:00:47.887Z
e54b9780-2a17-4fa5-bf89-9f7bfd092a70,04c9f201-4598-4584-bba0-48e2817c958d,c508c40c-2fff-4eb4-8872-1444859ca1ae,注意報,,2020-01-01T00:00:00.000Z,2025-10-09T16:00:47.887Z
325a0515-3347-4cfb-ac55-d4e315e8c5eb,f40ce85c-4b9c-4688-b706-5f0c1cb51faf,c508c40c-2fff-4eb4-8872-1444859ca1ae,注意報,,2020-01-01T00:00:00.000Z,2025-10-09T16:00:47.887Z
e69e55cf-62ac-4ad1-ab26-4c9fc7e10da5,9ed51bfc-f0ce-4cc8-a069-88f4dc79879a,c508c40c-2fff-4eb4-8872-1444859ca1ae,注意報,,2020-01-01T00:00:00.000Z,2025-10-09T16:00:47.887Z
acf90dbc-0002-42d0-a94d-8b6811c71619,93cd2fc1-8a84-4042-b708-17ec635cdd36,c508c40c-2fff-4eb4-8872-1444859ca1ae,特殊報,,2020-01-01T00:00:00.000Z,2025-10-09T16:00:47.887Z
0e594255-1fed-4675-8a58-3b7a09412e20,262e40ea-735c-47fa-b01b-b345bbe8bfca,c508c40c-2fff-4eb4-8872-1444859ca1ae,注意報,,2020-01-01T00:00:00.000Z,2025-10-09T16:00:47.887Z
be18be97-faf3-4216-9043-3e07d257d32c,e15ec429-1c8d-402e-83ae-40722ffc4cb8,c508c40c-2fff-4eb4-8872-1444859ca1ae,注意報,,2020-01-01T00:00:00.000Z,2025-10-09T16:00:47.887Z
50fefaaa-ba0b-4a21-b116-66bbf52d6584,7cf56f7d-5e9f-4eac-8d46-c2e6cbaee32b,c508c40c-2fff-4eb4-8872-1444859ca1ae,注意報,,2020-01-01T00:00:00.000Z,2025-10-09T16:00:47.887Z
72760b79-c7f5-43d6-848f-6c713de1fa53,e31649e8-2f77-4ac2-b9b0-0fa03546223a,c508c40c-2fff-4eb4-8872-1444859ca1ae,注意報,,2020-01-01T00:00:00.000Z,2025-10-09T16:00:47.887Z
6ec48841-667c-42ff-a15a-468011eda8e0,a77454aa-c823-4be6-aa81-438c08978cb2,c508c40c-2fff-4eb4-8872-1444859ca1ae,特殊報,,2020-01-01T00:00:00.000Z,2025-10-09T16:00:47.887Z
7c19fb56-b7a9-44b3-b4a4-84180bef0532,e1b5b0e6-4ef0-46c6-9f38-41b7b35f37f6,c508c40c-2fff-4eb4-8872-1444859ca1ae,注意報,,2020-01-01T00:00:00.000Z,2025-10-09T16:00:47.887Z
19e018ee-295f-4797-aa39-40ad0aa59171,31a671da-7496-493c-9a95-b2748f8e8966,c508c40c-2fff-4eb4-8872-1444859ca1ae,注意報,,2020-01-01T00:00:00.000Z,2025-10-09T16:00:47.887Z
aff2fca9-856e-427a-8540-a51b02eca494,9779a251-deb6-4de5-9aa0-81acd7d6816d,c508c40c-2fff-4eb4-8872-1444859ca1ae,注意報,,2020-01-01T00:00:00.000Z,2025-10-09T16:00:47.887Z
11f8835d-ed09-4df9-80d3-2ee5a97aac3e,5b445d7b-f473-4c69-b711-a339aec9103b,c508c40c-2fff-4eb4-8872-1444859ca1ae,注意報,,2020-01-01T00:00:00.000Z,2025-10-09T16:00:47.887Z
00806fef-8373-42c8-b95f-7f6ab2962111,49682a61-9997-4bff-ae48-64ca9c6d77cb,c508c40c-2fff-4eb4-8872-1444859ca1ae,注意報,,2020-01-01T00:00:00.000Z,2025-10-09T16:00:47.887Z
bf30b8ea-dfae-4561-83d2-699d11f4021e,efac35c7-8f50-408c-91cd-48230a64deea,c508c40c-2fff-4eb4-8872-1444859ca1ae,注意報,,2020-01-01T00:00:00.000Z,2025-10-09T16:00:47.887Z
3008d881-417d-403d-9be2-5597f8184d40,0b0a81bd-a864-4490-978f-6413864f08e9,c508c40c-2fff-4eb4-8872-1444859ca1ae,注意報,,2020-01-01T00:00:00.000Z,2025-10-09T16:00:47.887Z
711d4d5e-1be2-414c-af65-a2efe0d7c1bb,dd4db96d-499b-4156-913c-d470b58d3466,c508c40c-2fff-4eb4-8872-1444859ca1ae,注意報,,2020-01-01T00:00:00.000Z,2025-10-09T16:00:47.887Z
c9832ec0-812b-4e44-b56d-be62efa6bdec,f58deb09-5b55-426c-8db8-f56950b21805,c508c40c-2fff-4eb4-8872-1444859ca1ae,注意報,,2020-01-01T00:00:00.000Z,2025-10-09T16:00:47.887Z
5d38fe01-70b9-42c7-b8c2-1810254433c6,358db324-7a86-44fe-aa8d-294ba94f420e,c508c40c-2fff-4eb4-8872-1444859ca1ae,注意報,,2020-01-01T00:00:00.000Z,2025-10-09T16:00:47.887Z
39f81934-8fc4-406d-85f9-952a29fca9ab,41752809-59da-47ee-848d-c2705bb84611,c508c40c-2fff-4eb4-8872-1444859ca1ae,特殊報,,2020-01-01T00:00:00.000Z,2025-10-09T16:00:47.887Z
6b4deba8-bbb9-4fdb-a919-66b63f497628,3d10edd7-1ddc-4832-b937-17bd44a94484,c508c40c-2fff-4eb4-8872-1444859ca1ae,特殊報,,2020-01-01T00:00:00.000Z,2025-10-09T16:00:47.887Z
0711a512-55c5-4baf-9c97-c841a8e93cbc,3a72c04e-1c48-45e9-8a8d-b70bb649a555,c508c40c-2fff-4eb4-8872-1444859ca1ae,注意報,,2020-01-01T00:00:00.000Z,2025-10-09T16:00:47.887Z
7712d91a-eca8-4838-ad70-c13e201b0b3b,b6f7f26f-d457-4095-a8bb-4f85d60d5a56,c508c40c-2fff-4eb4-8872-1444859ca1ae,特殊報,,2020-01-01T00:00:00.000Z,2025-10-09T16:00:47.887Z
e48c5f60-a704-48e1-8920-fc3f78e7a305,14f8a524-fd77-447a-99cf-32bc18ecdd2d,c508c40c-2fff-4eb4-8872-1444859ca1ae,注意報,,2020-01-01T00:00:00.000Z,2025-10-09T16:00:47.887Z
762c4d87-f010-41dc-a74c-e6c9e201352d,b08f6a15-4919-45dc-a8e4-be33006e04d4,c508c40c-2fff-4eb4-8872-1444859ca1ae,注意報,,2020-01-01T00:00:00.000Z,2025-10-09T16:00:47.887Z
911183a3-daea-4d7b-b3b1-c543eaca70dc,ba0bafe5-e0e3-4bed-a083-b5dda8d30ab6,c508c40c-2fff-4eb4-8872-1444859ca1ae,注意報,,2020-01-01T00:00:00.000Z,2025-10-09T16:00:47.887Z
f11f4fbc-dc23-418f-949c-e2424f41daeb,e52e3647-8171-4c09-9259-bde33e6002cf,c508c40c-2fff-4eb4-8872-1444859ca1ae,注意報,,2020-01-01T00:00:00.000Z,2025-10-09T16:00:47.887Z
f52a4d2e-80b1-446c-86ca-addb794ba082,e6205e7e-6326-464f-bfb7-05f93c7ab3c9,c508c40c-2fff-4eb4-8872-1444859ca1ae,特殊報,,2020-01-01T00:00:00.000Z,2025-10-09T16:00:47.887Z
29e05420-49d6-4edd-a692-9e319fb4ff7d,856ddecb-a61d-482a-9a3b-fb0e7a67afbf,c508c40c-2fff-4eb4-8872-1444859ca1ae,注意報,,2020-01-01T00:00:00.000Z,2025-10-09T16:00:47.887Z