id,taxonomy_id,parent_id,name,slug,created_at,updated_at,deleted_at,sort_order
dc36dc78-1bec-444f-acc4-92ad90647e29,6e135935-cc70-4b2b-816b-a075ed11ccf9,,農政,nousei,2020-01-01T00:00:00.000Z,2025-10-09T16:00:47.887Z,,1
3cd1081e-4dc0-42e5-b105-23d979f69f2e,6e135935-cc70-4b2b-816b-a075ed11ccf9,dc36dc78-1bec-444f-acc4-92ad90647e29,農政のすべて,nousei-all,2020-01-01T00:00:00.000Z,2025-10-09T16:00:47.887Z,,1
d5980e54-db10-49dc-a3e6-f58d3b5182e9,6e135935-cc70-4b2b-816b-a075ed11ccf9,dc36dc78-1bec-444f-acc4-92ad90647e29,農水省,nousuisyou,2020-01-01T00:00:00.000Z,2025-10-09T16:00:47.887Z,,2
4ebc413a-9313-4467-b521-09d36d280fff,6e135935-cc70-4b2b-816b-a075ed11ccf9,dc36dc78-1bec-444f-acc4-92ad90647e29,その他官公庁,kankouchou,2020-01-01T00:00:00.000Z,2025-10-09T16:00:47.887Z,,3
4a0e0ae8-705b-421b-9b63-19fce27e9904,6e135935-cc70-4b2b-816b-a075ed11ccf9,dc36dc78-1bec-444f-acc4-92ad90647e29,地域情報,chiiki,2020-01-01T00:00:00.000Z,2025-10-09T16:00:47.887Z,,4
e4a7921e-241d-4236-a096-235e4e555d4d,6e135935-cc70-4b2b-816b-a075ed11ccf9,dc36dc78-1bec-444f-acc4-92ad90647e29,米,kome,2020-01-01T00:00:00.000Z,2025-10-09T16:00:47.887Z,,5
06d0df9c-69a0-43a1-8d88-42e0e555af6e,6e135935-cc70-4b2b-816b-a075ed11ccf9,dc36dc78-1bec-444f-acc4-92ad90647e29,畜産酪農,chikusan,2020-01-01T00:00:00.000Z,2025-10-09T16:00:47.887Z,,6
8ae21d5b-9a98-4cc5-a1c7-dcc37bcff8b5,6e135935-cc70-4b2b-816b-a075ed11ccf9,dc36dc78-1bec-444f-acc4-92ad90647e29,青果物,seikabutsu,2020-01-01T00:00:00.000Z,2025-10-09T16:00:47.887Z,,7
5399d8e6-86ad-4a83-a12c-13a45906e50f,6e135935-cc70-4b2b-816b-a075ed11ccf9,,JA,ja,2020-01-01T00:00:00.000Z,2025-10-09T16:00:47.887Z,,2
d3de8520-9a2a-438f-b7dc-02b64d0b2c04,6e135935-cc70-4b2b-816b-a075ed11ccf9,5399d8e6-86ad-4a83-a12c-13a45906e50f,JAのすべて,ja-all,2020-01-01T00:00:00.000Z,2025-10-09T16:00:47.887Z,,1
c8db9a6a-d3a3-4371-a3ec-f5d1de649633,6e135935-cc70-4b2b-816b-a075ed11ccf9,5399d8e6-86ad-4a83-a12c-13a45906e50f,JAの人事,ja-jinji,2020-01-01T00:00:00.000Z,2025-10-09T16:00:47.887Z,,2
72801232-1948-4e12-aa32-c399fae1f426,6e135935-cc70-4b2b-816b-a075ed11ccf9,5399d8e6-86ad-4a83-a12c-13a45906e50f,営農経済,einou,2020-01-01T00:00:00.000Z,2025-10-09T16:00:47.887Z,,3
7c3702e6-bfd3-4fe8-8cf8-c8a2c2da8836,6e135935-cc70-4b2b-816b-a075ed11ccf9,5399d8e6-86ad-4a83-a12c-13a45906e50f,金融共済,kinyu,2020-01-01T00:00:00.000Z,2025-10-09T16:00:47.887Z,,4
655e75d8-49b1-4470-9f2d-f0be8e6e3d70,6e135935-cc70-4b2b-816b-a075ed11ccf9,5399d8e6-86ad-4a83-a12c-13a45906e50f,その他JAの活動,ja-other,2020-01-01T00:00:00.000Z,2025-10-09T16:00:47.887Z,,5
736814eb-d2cc-4669-9325-c3ad7b431a2f,6e135935-cc70-4b2b-816b-a075ed11ccf9,,メーカー,maker,2020-01-01T00:00:00.000Z,2025-10-09T16:00:47.887Z,,3
33959e2f-0dda-4948-909d-c0c8b03940d5,6e135935-cc70-4b2b-816b-a075ed11ccf9,736814eb-d2cc-4669-9325-c3ad7b431a2f,メーカーのすべて,maker-all,2020-01-01T00:00:00.000Z,2025-10-09T16:00:47.887Z,,1
f468624b-d874-4648-9d6b-5fddd6142aca,6e135935-cc70-4b2b-816b-a075ed11ccf9,736814eb-d2cc-4669-9325-c3ad7b431a2f,メーカーの人事,maker-jinji,2020-01-01T00:00:00.000Z,2025-10-09T16:00:47.887Z,,2
98d635e8-5017-4a34-84e9-4c076d4f1a37,6e135935-cc70-4b2b-816b-a075ed11ccf9,736814eb-d2cc-4669-9325-c3ad7b431a2f,農薬,nouyaku,2020-01-01T00:00:00.000Z,2025-10-09T16:00:47.887Z,,3
540298d0-573a-44cd-8e40-6948ca9ee374,6e135935-cc70-4b2b-816b-a075ed11ccf9,736814eb-d2cc-4669-9325-c3ad7b431a2f,農業機械,nouki,2020-01-01T00:00:00.000Z,2025-10-09T16:00:47.887Z,,4
b067671e-ec1d-4757-9e9b-03daa21e86f4,6e135935-cc70-4b2b-816b-a075ed11ccf9,736814eb-d2cc-4669-9325-c3ad7b431a2f,その他生産資材,shizai-other,2020-01-01T00:00:00.000Z,2025-10-09T16:00:47.887Z,,5
c05aab18-eca7-46d3-b5d4-83e8d98b28fb,6e135935-cc70-4b2b-816b-a075ed11ccf9,,人事,ja-jinji,2020-01-01T00:00:00.000Z,2025-10-09T16:00:47.887Z,,4
3f94d161-ec14-46ff-99fb-26e9a155cd01,6e135935-cc70-4b2b-816b-a075ed11ccf9,c05aab18-eca7-46d3-b5d4-83e8d98b28fb,人事のすべて,jinji-all,2020-01-01T00:00:00.000Z,2025-10-09T16:00:47.887Z,,1
fb482aef-a4d9-42b2-88f8-f11b3c70720b,6e135935-cc70-4b2b-816b-a075ed11ccf9,c05aab18-eca7-46d3-b5d4-83e8d98b28fb,JAの人事,ja-jinji,2020-01-01T00:00:00.000Z,2025-10-09T16:00:47.887Z,,2
f7ad7635-8c69-4c3b-b02e-8345d6324da3,6e135935-cc70-4b2b-816b-a075ed11ccf9,c05aab18-eca7-46d3-b5d4-83e8d98b28fb,メーカーの人事,maker-jinji,2020-01-01T00:00:00.000Z,2025-10-09T16:00:47.887Z,,3
b142c6e1-36b5-4c54-a8cd-3b4d5770a275,6e135935-cc70-4b2b-816b-a075ed11ccf9,,農業技術,nougi,2020-01-01T00:00:00.000Z,2025-10-09T16:00:47.887Z,,5
9ee0ffb1-8913-43ef-8e78-a06ff76ee58e,6e135935-cc70-4b2b-816b-a075ed11ccf9,b142c6e1-36b5-4c54-a8cd-3b4d5770a275,農業技術のすべて,nougi-all,2020-01-01T00:00:00.000Z,2025-10-09T16:00:47.887Z,,1
2c63e8d3-de89-4040-b08b-940145d8a2b0,6e135935-cc70-4b2b-816b-a075ed11ccf9,b142c6e1-36b5-4c54-a8cd-3b4d5770a275,栽培技術,saibai,2020-01-01T00:00:00.000Z,2025-10-09T16:00:47.887Z,,2
19b28987-273d-4462-9ddb-19940ffd76ca,6e135935-cc70-4b2b-816b-a075ed11ccf9,b142c6e1-36b5-4c54-a8cd-3b4d5770a275,病害虫対策,byogaichu-taisaku,2020-01-01T00:00:00.000Z,2025-10-09T16:00:47.887Z,,3
b5b79324-8835-4eb4-bdc3-ccb20cf5e9a3,6e135935-cc70-4b2b-816b-a075ed11ccf9,,食と流通,shoku-ryutsu,2020-01-01T00:00:00.000Z,2025-10-09T16:00:47.887Z,,6
68887aab-959e-4fcd-8a0a-2e7d6eea38ee,6e135935-cc70-4b2b-816b-a075ed11ccf9,b5b79324-8835-4eb4-bdc3-ccb20cf5e9a3,食と流通のすべて,shoku-ryutsu-all,2020-01-01T00:00:00.000Z,2025-10-09T16:00:47.887Z,,1
1f62dd93-8247-48a0-b036-60ae46c6ff6a,6e135935-cc70-4b2b-816b-a075ed11ccf9,b5b79324-8835-4eb4-bdc3-ccb20cf5e9a3,食品,shokuhin,2020-01-01T00:00:00.000Z,2025-10-09T16:00:47.887Z,,2
da24fc51-3605-4b9a-8c73-efe6a2d65b1c,6e135935-cc70-4b2b-816b-a075ed11ccf9,b5b79324-8835-4eb4-bdc3-ccb20cf5e9a3,流通,ryutsu,2020-01-01T00:00:00.000Z,2025-10-09T16:00:47.887Z,,3
e3027768-a8fa-488f-9eb6-29f424b6528a,6e135935-cc70-4b2b-816b-a075ed11ccf9,b5b79324-8835-4eb4-bdc3-ccb20cf5e9a3,生協,seikyo,2020-01-01T00:00:00.000Z,2025-10-09T16:00:47.887Z,,4
0d9b2186-9f2d-4dc4-a653-4e5db5effa18,6e135935-cc70-4b2b-816b-a075ed11ccf9,,大学・機関,daigaku-kikan,2020-01-01T00:00:00.000Z,2025-10-09T16:00:47.887Z,,7
7b291cba-8c9a-4db7-8d63-140bc79a8808,6e135935-cc70-4b2b-816b-a075ed11ccf9,0d9b2186-9f2d-4dc4-a653-4e5db5effa18,大学・機関のすべて,daigaku-kikan-all,2020-01-01T00:00:00.000Z,2025-10-09T16:00:47.887Z,,1
8a44942a-24ab-403b-9979-f952a2ea004d,6e135935-cc70-4b2b-816b-a075ed11ccf9,0d9b2186-9f2d-4dc4-a653-4e5db5effa18,大学・研究機関,daigaku-kenkyu,2020-01-01T00:00:00.000Z,2025-10-09T16:00:47.887Z,,2
5c6d7ea5-f92a-4fb5-8576-1ecdd66e2a9c,6e135935-cc70-4b2b-816b-a075ed11ccf9,0d9b2186-9f2d-4dc4-a653-4e5db5effa18,教育,kyoiku,2020-01-01T00:00:00.000Z,2025-10-09T16:00:47.887Z,,3
6021496d-6965-45c8-b69a-f460e0b07c3d,6e135935-cc70-4b2b-816b-a075ed11ccf9,,連載・コラム他,other,2020-01-01T00:00:00.000Z,2025-10-09T16:00:47.887Z,,8
7cf9683a-7006-4bcd-85de-8a31ce2ae28a,6e135935-cc70-4b2b-816b-a075ed11ccf9,6021496d-6965-45c8-b69a-f460e0b07c3d,連載・コラム他のすべて,other-all,2020-01-01T00:00:00.000Z,2025-10-09T16:00:47.887Z,,1
0b43d447-ec32-4b5f-b0b3-d3ca756a7400,6e135935-cc70-4b2b-816b-a075ed11ccf9,6021496d-6965-45c8-b69a-f460e0b07c3d,オリジナル連載,original-content,2020-01-01T00:00:00.000Z,2025-10-09T16:00:47.887Z,,2
7e793f42-8ff8-4e7d-9daf-620ef3b52a41,6e135935-cc70-4b2b-816b-a075ed11ccf9,6021496d-6965-45c8-b69a-f460e0b07c3d,コラム,column,2020-01-01T00:00:00.000Z,2025-10-09T16:00:47.887Z,,3
12c88f68-3a9c-4b18-997b-167655100e7d,6e135935-cc70-4b2b-816b-a075ed11ccf9,6021496d-6965-45c8-b69a-f460e0b07c3d,書評,shohyou,2020-01-01T00:00:00.000Z,2025-10-09T16:00:47.887Z,,4
bea1f06c-2b9e-40d2-ac68-fb0bdf0699ec,6e135935-cc70-4b2b-816b-a075ed11ccf9,6021496d-6965-45c8-b69a-f460e0b07c3d,訃報,fuho,2020-01-01T00:00:00.000Z,2025-10-09T16:00:47.887Z,,5
79a18810-6808-457f-a792-fff64a00594d,90bfb056-3c4a-4778-85bb-3f23d406bf3d,,JA通信,ja-tsushin,2020-01-01T00:00:00.000Z,2025-10-09T16:00:47.887Z,,1
58287671-2543-4ec0-9687-8f5af6eda676,90bfb056-3c4a-4778-85bb-3f23d406bf3d,,ＪＡ全国大会,ja-national-meeting,2020-01-01T00:00:00.000Z,2025-10-09T16:00:47.887Z,,2
5b099918-ed8b-4e95-a1f4-8bf7117ea7dd,90bfb056-3c4a-4778-85bb-3f23d406bf3d,,ＴＡＣ,tac,2020-01-01T00:00:00.000Z,2025-10-09T16:00:47.887Z,,3
bfb8da30-09e1-4347-beaf-3f59306c4bb0,90bfb056-3c4a-4778-85bb-3f23d406bf3d,,一品厳選,ippin-gensen,2020-01-01T00:00:00.000Z,2025-10-09T16:00:47.887Z,,4
ea0eeb90-91c7-4580-b7d3-fe575c69b2bf,90bfb056-3c4a-4778-85bb-3f23d406bf3d,,仮渡金(概算金),karitokin,2020-01-01T00:00:00.000Z,2025-10-09T16:00:47.887Z,,5
00d57685-086a-4a0e-a211-1f7b0ad62647,90bfb056-3c4a-4778-85bb-3f23d406bf3d,,国消国産,kokusho-kokusan,2020-01-01T00:00:00.000Z,2025-10-09T16:00:47.887Z,,6
859e9f8a-e5d6-46b3-8e3a-3aca5e824704,90bfb056-3c4a-4778-85bb-3f23d406bf3d,,事業承継,jigyo-shokei,2020-01-01T00:00:00.000Z,2025-10-09T16:00:47.887Z,,7
8e6b7aaf-d1ca-4d90-832e-4c6589df4630,90bfb056-3c4a-4778-85bb-3f23d406bf3d,,農協人文化賞,nokyo-bunka-award,2020-01-01T00:00:00.000Z,2025-10-09T16:00:47.887Z,,8
32af4704-040c-42c2-9ac8-b6c0e136145a,90bfb056-3c4a-4778-85bb-3f23d406bf3d,,殺菌剤,sakkinzai,2020-01-01T00:00:00.000Z,2025-10-09T16:00:47.887Z,,9
7bd63b4d-cd01-4052-94cc-6f0f1cb4e9d4,90bfb056-3c4a-4778-85bb-3f23d406bf3d,,殺虫剤,sacchuzai,2020-01-01T00:00:00.000Z,2025-10-09T16:00:47.887Z,,10
43127247-86d1-434d-9c4b-8de8d020c4bc,90bfb056-3c4a-4778-85bb-3f23d406bf3d,,除草剤,josozai,2020-01-01T00:00:00.000Z,2025-10-09T16:00:47.887Z,,11
da1a4ea3-5e07-44d5-8cde-30ea15c7603b,90bfb056-3c4a-4778-85bb-3f23d406bf3d,,肥料,hiryo,2020-01-01T00:00:00.000Z,2025-10-09T16:00:47.887Z,,12
08c38e01-ebad-414d-b44a-d42fdec45257,90bfb056-3c4a-4778-85bb-3f23d406bf3d,,水田活用,suiden-katsuyo,2020-01-01T00:00:00.000Z,2025-10-09T16:00:47.887Z,,13
6086eb59-153b-4e6e-847e-cd01a74236a2,90bfb056-3c4a-4778-85bb-3f23d406bf3d,,フードロス,food-loss,2020-01-01T00:00:00.000Z,2025-10-09T16:00:47.887Z,,14
42005516-c5ce-4e30-8b8f-d54c3da06b7c,90bfb056-3c4a-4778-85bb-3f23d406bf3d,,Z-GIS,z-gis,2020-01-01T00:00:00.000Z,2025-10-09T16:00:47.887Z,,15
cbf204f1-182e-4e0d-be66-fef1a4b0d655,90bfb056-3c4a-4778-85bb-3f23d406bf3d,,スマート農業,smart-agriculture,2020-01-01T00:00:00.000Z,2025-10-09T16:00:47.887Z,,16
75baeb5e-b5e7-41eb-92c8-eccf3813b9a3,90bfb056-3c4a-4778-85bb-3f23d406bf3d,,バイオスティミュラント,biostimulant,2020-01-01T00:00:00.000Z,2025-10-09T16:00:47.887Z,,17
3c6216c6-a503-4bb3-ba65-40879573343a,90bfb056-3c4a-4778-85bb-3f23d406bf3d,,病害虫,byogaichu,2020-01-01T00:00:00.000Z,2025-10-09T16:00:47.887Z,,18
ab6aa095-a91a-46c0-8d4f-cbe9155b2a34,90bfb056-3c4a-4778-85bb-3f23d406bf3d,,病害虫発生情報,byogaichu-johou,2020-01-01T00:00:00.000Z,2025-10-09T16:00:47.887Z,,19
f700f07d-16cc-4505-a6b8-75c294e52af3,90bfb056-3c4a-4778-85bb-3f23d406bf3d,,病害虫発生予報,byogaichu-yohou,2020-01-01T00:00:00.000Z,2025-10-09T16:00:47.887Z,,20
c91a7076-5ef0-4aec-acb2-d5e4ab40d452,90bfb056-3c4a-4778-85bb-3f23d406bf3d,,病害虫防除,byogaichu-bojo,2020-01-01T00:00:00.000Z,2025-10-09T16:00:47.887Z,,21
9143c604-1107-46eb-910b-3582b83b8b5f,90bfb056-3c4a-4778-85bb-3f23d406bf3d,,SDGs,sdgs,2020-01-01T00:00:00.000Z,2025-10-09T16:00:47.887Z,,22
8915e29e-0a0d-48b5-8cb1-723b17d44870,90bfb056-3c4a-4778-85bb-3f23d406bf3d,,ＡＳＦ（アフリカ豚熱）,asf,2020-01-01T00:00:00.000Z,2025-10-09T16:00:47.887Z,,23
8b364540-72c9-444d-babc-06d82a6df466,90bfb056-3c4a-4778-85bb-3f23d406bf3d,,ＣＳＦ（豚熱）,csf,2020-01-01T00:00:00.000Z,2025-10-09T16:00:47.887Z,,24
0d029bbf-32d2-46f3-b33a-4d2e3f2f8bc7,90bfb056-3c4a-4778-85bb-3f23d406bf3d,,GI,gi,2020-01-01T00:00:00.000Z,2025-10-09T16:00:47.887Z,,25
7b6362a4-e634-4cd4-a0b2-a3bec7357106,90bfb056-3c4a-4778-85bb-3f23d406bf3d,,HACCP,haccp,2020-01-01T00:00:00.000Z,2025-10-09T16:00:47.887Z,,26
94b2843a-7a88-4cb8-9283-5ef7550fff48,90bfb056-3c4a-4778-85bb-3f23d406bf3d,,みどり戦略,midori-senryaku,2020-01-01T00:00:00.000Z,2025-10-09T16:00:47.887Z,,27
33826aa1-0d92-4378-a511-d26090b89d91,90bfb056-3c4a-4778-85bb-3f23d406bf3d,,花き,kaki,2020-01-01T00:00:00.000Z,2025-10-09T16:00:47.887Z,,28
0349e462-d36a-42c8-9caa-9d698a503019,90bfb056-3c4a-4778-85bb-3f23d406bf3d,,海外ニュース,overseas-news,2020-01-01T00:00:00.000Z,2025-10-09T16:00:47.887Z,,29
23df8ccd-5706-496d-950f-8d81bc1191b6,90bfb056-3c4a-4778-85bb-3f23d406bf3d,,基本計画,kihon-keikaku,2020-01-01T00:00:00.000Z,2025-10-09T16:00:47.887Z,,30
b2c29e9a-12e4-4a5e-9e32-aa912459cda4,90bfb056-3c4a-4778-85bb-3f23d406bf3d,,基本法,kihon-ho,2020-01-01T00:00:00.000Z,2025-10-09T16:00:47.887Z,,31
17c6d8be-7878-41a0-a5f0-69439f91eded,90bfb056-3c4a-4778-85bb-3f23d406bf3d,,国際協同組合年,international-cooperative-year,2020-01-01T00:00:00.000Z,2025-10-09T16:00:47.887Z,,32
9e28fb22-f9ed-4d0d-9a27-1942a998849f,90bfb056-3c4a-4778-85bb-3f23d406bf3d,,食料安保,shokuryo-anpo,2020-01-01T00:00:00.000Z,2025-10-09T16:00:47.887Z,,33
3733f0ff-e12e-4979-98c1-4a755569504b,90bfb056-3c4a-4778-85bb-3f23d406bf3d,,食料危機,shokuryo-kiki,2020-01-01T00:00:00.000Z,2025-10-09T16:00:47.887Z,,34
1ffd6aa7-8379-45fc-8edf-78dde8cf55cc,90bfb056-3c4a-4778-85bb-3f23d406bf3d,,新規就農者支援,shinki-shuno-shien,2020-01-01T00:00:00.000Z,2025-10-09T16:00:47.887Z,,35
aa1e56d0-57f3-404b-abbe-697bad36a6f0,90bfb056-3c4a-4778-85bb-3f23d406bf3d,,水稲,suito,2020-01-01T00:00:00.000Z,2025-10-09T16:00:47.887Z,,36
aa602b64-87e7-4b3c-92bd-bedbfdb14d5d,90bfb056-3c4a-4778-85bb-3f23d406bf3d,,水田,suiden,2020-01-01T00:00:00.000Z,2025-10-09T16:00:47.887Z,,37
5dfe9a5a-e6b7-4c85-828f-5c91fed366d2,90bfb056-3c4a-4778-85bb-3f23d406bf3d,,政府備蓄米,seifu-bichikumai,2020-01-01T00:00:00.000Z,2025-10-09T16:00:47.887Z,,38
358a2c6d-0c7c-4f3f-8520-837ad6b2e595,90bfb056-3c4a-4778-85bb-3f23d406bf3d,,鳥インフルエンザ,bird-influenza,2020-01-01T00:00:00.000Z,2025-10-09T16:00:47.887Z,,39
b404f494-a625-4d85-a20d-9f5a2f1f7174,90bfb056-3c4a-4778-85bb-3f23d406bf3d,,都市農業,toshi-nogyo,2020-01-01T00:00:00.000Z,2025-10-09T16:00:47.887Z,,40
e6e16d96-3c8c-4ea2-98a8-798c5626d704,90bfb056-3c4a-4778-85bb-3f23d406bf3d,,農泊,nohaku,2020-01-01T00:00:00.000Z,2025-10-09T16:00:47.887Z,,41
670e278f-4bef-43b9-be89-d02ac1e2e8e1,90bfb056-3c4a-4778-85bb-3f23d406bf3d,,農福連携,nofuku-renkei,2020-01-01T00:00:00.000Z,2025-10-09T16:00:47.887Z,,42
eda3e88f-641a-46a1-851d-8e92ab5f482d,90bfb056-3c4a-4778-85bb-3f23d406bf3d,,備蓄米放出,bichikumai-hoshutsu,2020-01-01T00:00:00.000Z,2025-10-09T16:00:47.887Z,,43
035488f9-c635-4bcb-be53-83e07b1fd90d,90bfb056-3c4a-4778-85bb-3f23d406bf3d,,米の作柄,kome-sakugara,2020-01-01T00:00:00.000Z,2025-10-09T16:00:47.887Z,,44
9fc4d55d-1777-47dd-8f6d-f5175f41a33b,90bfb056-3c4a-4778-85bb-3f23d406bf3d,,米の食味ランキング,kome-ranking,2020-01-01T00:00:00.000Z,2025-10-09T16:00:47.887Z,,45
1af80105-98a0-4c85-8346-e3a5bf0aae35,90bfb056-3c4a-4778-85bb-3f23d406bf3d,,米価,beika,2020-01-01T00:00:00.000Z,2025-10-09T16:00:47.887Z,,46
7df980e9-cd7f-4ba9-890c-91f9b64315a2,90bfb056-3c4a-4778-85bb-3f23d406bf3d,,ＪＡ共済連・県本部,ja-kyosairen-ken-honbu,2020-01-01T00:00:00.000Z,2025-10-09T16:00:47.887Z,,47
1b28bed6-8a3a-406c-a165-f1a1a7b72b38,90bfb056-3c4a-4778-85bb-3f23d406bf3d,,新世紀ＪＡ研究会,shinseiki-ja-kenkyukai,2020-01-01T00:00:00.000Z,2025-10-09T16:00:47.887Z,,48
d0ea7ab0-f1be-4f50-8fcf-3fdd0464456a,90bfb056-3c4a-4778-85bb-3f23d406bf3d,,ＪＡ全農・県本部,ja-zennoh-ken-honbu,2020-01-01T00:00:00.000Z,2025-10-09T16:00:47.887Z,,49
a18b22d9-db53-4728-924a-a512f50901ab,90bfb056-3c4a-4778-85bb-3f23d406bf3d,,日本農業新聞,nihon-nogyo-shimbun,2020-01-01T00:00:00.000Z,2025-10-09T16:00:47.887Z,,50
3deeca3b-d0e9-44f3-8a31-3fdb6882f472,90bfb056-3c4a-4778-85bb-3f23d406bf3d,,ＪＡグループ,ja-group,2020-01-01T00:00:00.000Z,2025-10-09T16:00:47.887Z,,51
d1946ca3-5f19-4a63-8112-d3a6cdc5af91,90bfb056-3c4a-4778-85bb-3f23d406bf3d,,中央畜産会,chuo-chikusankai,2020-01-01T00:00:00.000Z,2025-10-09T16:00:47.887Z,,52
1c96981e-48a5-416c-93c8-535baf1fec2e,90bfb056-3c4a-4778-85bb-3f23d406bf3d,,全農子会社,zennoh-subsidiary,2020-01-01T00:00:00.000Z,2025-10-09T16:00:47.887Z,,53
05008b85-e22c-41c3-a9da-eb706d28d2d4,90bfb056-3c4a-4778-85bb-3f23d406bf3d,,家の光協会,ieno-hikari-kyokai,2020-01-01T00:00:00.000Z,2025-10-09T16:00:47.887Z,,54
f74f8491-a4c6-4e6e-8f94-4f466c7614e4,90bfb056-3c4a-4778-85bb-3f23d406bf3d,,文化厚生連,bunka-koseiren,2020-01-01T00:00:00.000Z,2025-10-09T16:00:47.887Z,,55
6ebfe2da-d767-463f-84c1-5a209f6d8318,90bfb056-3c4a-4778-85bb-3f23d406bf3d,,農協研究会,nokyo-kenkyukai,2020-01-01T00:00:00.000Z,2025-10-09T16:00:47.887Z,,56
04dc01e8-c9b6-499b-a134-ba3eabefe751,90bfb056-3c4a-4778-85bb-3f23d406bf3d,,農薬工業会,noyaku-kogyokai,2020-01-01T00:00:00.000Z,2025-10-09T16:00:47.887Z,,57
371852f5-1c9f-448d-8b7f-74c1365b8bce,90bfb056-3c4a-4778-85bb-3f23d406bf3d,,ＪＡ女性協,ja-joseikyo,2020-01-01T00:00:00.000Z,2025-10-09T16:00:47.887Z,,58
16e4d923-4a20-416e-99b3-3effb049a7c3,90bfb056-3c4a-4778-85bb-3f23d406bf3d,,ＪＡ青年協,ja-seinenkyo,2020-01-01T00:00:00.000Z,2025-10-09T16:00:47.887Z,,59
5087deb3-f133-476e-8814-1bb38bfa2773,90bfb056-3c4a-4778-85bb-3f23d406bf3d,,日本公庫,nihon-koko,2020-01-01T00:00:00.000Z,2025-10-09T16:00:47.887Z,,60
47e01524-db62-45c5-8280-98e2a8c87ec9,90bfb056-3c4a-4778-85bb-3f23d406bf3d,,農協協会,nokyo-kyokai,2020-01-01T00:00:00.000Z,2025-10-09T16:00:47.887Z,,61
396653bc-e30d-48d8-8732-86688aed0257,90bfb056-3c4a-4778-85bb-3f23d406bf3d,,農林中金,norinchukin,2020-01-01T00:00:00.000Z,2025-10-09T16:00:47.887Z,,62
0568eab3-3537-4008-acc5-79f5a98ff200,90bfb056-3c4a-4778-85bb-3f23d406bf3d,,農林年金,norin-nenkin,2020-01-01T00:00:00.000Z,2025-10-09T16:00:47.887Z,,63
943cd460-d594-4435-8c30-3c8ead52cd55,90bfb056-3c4a-4778-85bb-3f23d406bf3d,,農研機構,noken-kiko,2020-01-01T00:00:00.000Z,2025-10-09T16:00:47.887Z,,64
c72e7f62-265e-4820-beea-f8ab9f1e23e8,90bfb056-3c4a-4778-85bb-3f23d406bf3d,,Ｊミルク,j-milk,2020-01-01T00:00:00.000Z,2025-10-09T16:00:47.887Z,,65
930df595-9559-4a26-b098-8fca5a9a6891,90bfb056-3c4a-4778-85bb-3f23d406bf3d,,ＪＡ共済,ja-kyosai,2020-01-01T00:00:00.000Z,2025-10-09T16:00:47.887Z,,66
3cde79fa-8270-4723-902f-8d8348534b5a,90bfb056-3c4a-4778-85bb-3f23d406bf3d,,全厚連,zenkoren,2020-01-01T00:00:00.000Z,2025-10-09T16:00:47.887Z,,67
7e72da53-6116-4df9-9388-6e877618e224,90bfb056-3c4a-4778-85bb-3f23d406bf3d,,全青協,zenseikyo,2020-01-01T00:00:00.000Z,2025-10-09T16:00:47.887Z,,68
d3de59aa-06f2-4456-8ede-e255aba8ad80,90bfb056-3c4a-4778-85bb-3f23d406bf3d,,共済連,kyosairen,2020-01-01T00:00:00.000Z,2025-10-09T16:00:47.887Z,,69
83b82652-0f90-4c72-9963-cbbbfbb52c82,90bfb056-3c4a-4778-85bb-3f23d406bf3d,,厚生連,koseiren,2020-01-01T00:00:00.000Z,2025-10-09T16:00:47.887Z,,70
04a31592-a09c-4742-923d-fb467daa7a1c,90bfb056-3c4a-4778-85bb-3f23d406bf3d,,女性協,joseikyo,2020-01-01T00:00:00.000Z,2025-10-09T16:00:47.887Z,,71
fde85f0e-9c07-4fae-998b-42bcffb7db8e,90bfb056-3c4a-4778-85bb-3f23d406bf3d,,県信連,kenshinren,2020-01-01T00:00:00.000Z,2025-10-09T16:00:47.887Z,,72
50c318c7-f6c7-41ee-9655-a6a709f05e0b,90bfb056-3c4a-4778-85bb-3f23d406bf3d,,県本部,ken-honbu,2020-01-01T00:00:00.000Z,2025-10-09T16:00:47.887Z,,73
0663f41d-b9b7-484d-b015-b6c9ead9be4a,90bfb056-3c4a-4778-85bb-3f23d406bf3d,,経済連,keizairen,2020-01-01T00:00:00.000Z,2025-10-09T16:00:47.887Z,,74
34473558-babb-44c7-bfb3-c0fbe7102b81,90bfb056-3c4a-4778-85bb-3f23d406bf3d,,農水省,nousuisyou,2020-01-01T00:00:00.000Z,2025-10-09T16:00:47.887Z,,75
a99ef3bc-a6e0-4dfd-bbd9-7654661f6456,90bfb056-3c4a-4778-85bb-3f23d406bf3d,,ＪＣＡ,jca,2020-01-01T00:00:00.000Z,2025-10-09T16:00:47.887Z,,76
1779f1b2-2492-42cc-a759-1d7aa113a3c8,90bfb056-3c4a-4778-85bb-3f23d406bf3d,,単協,tankyo,2020-01-01T00:00:00.000Z,2025-10-09T16:00:47.887Z,,77
51950ac1-ad80-424a-bb26-78fe3ce94273,90bfb056-3c4a-4778-85bb-3f23d406bf3d,,生協,seikyo,2020-01-01T00:00:00.000Z,2025-10-09T16:00:47.887Z,,78
51daceba-0926-479a-ac49-806dae7eddbe,90bfb056-3c4a-4778-85bb-3f23d406bf3d,,㈱農協観光,noko-kanko-co-ltd,2020-01-01T00:00:00.000Z,2025-10-09T16:00:47.887Z,,79
39eeeb4b-0870-4d6b-a5aa-30b3126dc272,90bfb056-3c4a-4778-85bb-3f23d406bf3d,,㈳農協観光,noko-kanko-foundation,2020-01-01T00:00:00.000Z,2025-10-09T16:00:47.887Z,,80
3d79a6f2-8d6c-4f7b-95c7-ba1e1dc44d9d,90bfb056-3c4a-4778-85bb-3f23d406bf3d,,ホクレン,hokuren,2020-01-01T00:00:00.000Z,2025-10-09T16:00:47.887Z,,81
c995c212-a472-46a7-9e7a-5897951be034,90bfb056-3c4a-4778-85bb-3f23d406bf3d,,解説・提言,kaisetsu-teigen,2020-01-01T00:00:00.000Z,2025-10-09T16:00:47.887Z,,82
cc408597-f94c-4f71-b0d7-cb2853bc5eaf,90bfb056-3c4a-4778-85bb-3f23d406bf3d,,新型コロナウイルス,shingata-coronavirus,2020-01-01T00:00:00.000Z,2025-10-09T16:00:47.887Z,,83
cbe000d3-b567-47ce-8300-50f9392718be,90bfb056-3c4a-4778-85bb-3f23d406bf3d,,インタビュー,interview,2020-01-01T00:00:00.000Z,2025-10-09T16:00:47.887Z,,84
6e41892b-e105-4c90-a08a-c24cfb8aacd6,90bfb056-3c4a-4778-85bb-3f23d406bf3d,,決算,kessan,2020-01-01T00:00:00.000Z,2025-10-09T16:00:47.887Z,,85
52fb4bf7-b53a-43f5-8053-bc29b412af20,90bfb056-3c4a-4778-85bb-3f23d406bf3d,,調査・統計・アンケート,chosa-tokei-anketo,2020-01-01T00:00:00.000Z,2025-10-09T16:00:47.887Z,,86
9ed6c918-0217-41cf-87cf-9a378c7599c5,90bfb056-3c4a-4778-85bb-3f23d406bf3d,,米粉,komeko,2020-01-01T00:00:00.000Z,2025-10-09T16:00:47.887Z,,87
639f69a9-5474-428f-b565-e230f14f6da7,90bfb056-3c4a-4778-85bb-3f23d406bf3d,,令和6年能登半島地震,noto-earthquake-2024,2020-01-01T00:00:00.000Z,2025-10-09T16:00:47.887Z,,88
fd545242-6321-4297-ba48-5f811a72abfb,90bfb056-3c4a-4778-85bb-3f23d406bf3d,,訃報,fuho,2020-01-01T00:00:00.000Z,2025-10-09T16:00:47.887Z,,89
00fbcd61-b077-4336-9daf-44685d62c277,90bfb056-3c4a-4778-85bb-3f23d406bf3d,,酪農,rakuno,2020-01-01T00:00:00.000Z,2025-10-09T16:00:47.887Z,,90
9de5bbe2-9e48-4792-9f86-58696dc78e2a,90bfb056-3c4a-4778-85bb-3f23d406bf3d,,ウクライナ危機,ukraine-crisis,2020-01-01T00:00:00.000Z,2025-10-09T16:00:47.887Z,,91
9c81a69a-4752-4c57-b32d-a4b2c0436310,20cb68d9-aa5c-45da-9237-cb7489741a76,,正義の農政論,justice-for-agriculture,2020-01-01T00:00:00.000Z,2025-10-09T16:00:47.887Z,,1
f84e7309-5511-41d7-8fdb-f70cb03faaf3,06de3e63-c3a2-4441-8242-bdf2e2245a2d,,森島賢一,morishima-kenichi,2020-01-01T00:00:00.000Z,2025-10-09T16:00:47.887Z,,1
8f5ecdc4-b521-4af5-894e-710b7242b690,6f77bd5d-3c20-49a9-8529-95c5eb06cfcf,,北海道,Hokkaido,2020-01-01T00:00:00.000Z,2025-10-09T16:00:47.887Z,,1
917dcd9d-007f-4ee1-8ad7-62bd62e74c5e,6f77bd5d-3c20-49a9-8529-95c5eb06cfcf,,青森県,Aomori,2020-01-01T00:00:00.000Z,2025-10-09T16:00:47.887Z,,2
2fb60155-91dc-445d-8ccd-c622666632d1,6f77bd5d-3c20-49a9-8529-95c5eb06cfcf,,岩手県,Iwate,2020-01-01T00:00:00.000Z,2025-10-09T16:00:47.887Z,,3
4ea8fd7b-5777-47f2-94ed-e6a0812a33de,6f77bd5d-3c20-49a9-8529-95c5eb06cfcf,,宮城県,Miyagi,2020-01-01T00:00:00.000Z,2025-10-09T16:00:47.887Z,,4
2bc79178-57a7-4b48-a5c0-41af3021b075,6f77bd5d-3c20-49a9-8529-95c5eb06cfcf,,秋田県,Akita,2020-01-01T00:00:00.000Z,2025-10-09T16:00:47.887Z,,5
b1e07c7b-d537-42c9-80e6-531fd8d3cc55,6f77bd5d-3c20-49a9-8529-95c5eb06cfcf,,山形県,Yamagata,2020-01-01T00:00:00.000Z,2025-10-09T16:00:47.887Z,,6
c7774cdd-c9ea-4aa0-8136-0cbbff54a3e1,6f77bd5d-3c20-49a9-8529-95c5eb06cfcf,,福島県,Fukushima,2020-01-01T00:00:00.000Z,2025-10-09T16:00:47.887Z,,7
8e8b3cb9-4325-4c71-aead-a46136627300,6f77bd5d-3c20-49a9-8529-95c5eb06cfcf,,茨城県,Ibaraki,2020-01-01T00:00:00.000Z,2025-10-09T16:00:47.887Z,,8
c6475185-b4d7-4433-b357-64bf722e9514,6f77bd5d-3c20-49a9-8529-95c5eb06cfcf,,栃木県,Tochigi,2020-01-01T00:00:00.000Z,2025-10-09T16:00:47.887Z,,9
da544b21-562c-41f9-827e-852cb62b5620,6f77bd5d-3c20-49a9-8529-95c5eb06cfcf,,群馬県,Gunma,2020-01-01T00:00:00.000Z,2025-10-09T16:00:47.887Z,,10
f82c42b2-278d-4acf-b3ea-5ca867c067e9,6f77bd5d-3c20-49a9-8529-95c5eb06cfcf,,埼玉県,Saitama,2020-01-01T00:00:00.000Z,2025-10-09T16:00:47.887Z,,11
9aaec04e-96f0-4067-9ac8-9b96818bb9c7,6f77bd5d-3c20-49a9-8529-95c5eb06cfcf,,千葉県,Chiba,2020-01-01T00:00:00.000Z,2025-10-09T16:00:47.887Z,,12
5a9a63a7-aaac-424e-80b1-48e31648567c,6f77bd5d-3c20-49a9-8529-95c5eb06cfcf,,東京都,Tokyo,2020-01-01T00:00:00.000Z,2025-10-09T16:00:47.887Z,,13
936adfa9-68f2-44e7-859f-8948c585351e,6f77bd5d-3c20-49a9-8529-95c5eb06cfcf,,神奈川県,Kanagawa,2020-01-01T00:00:00.000Z,2025-10-09T16:00:47.887Z,,14
28ee449e-d4e4-42c6-8874-c457259af1f3,6f77bd5d-3c20-49a9-8529-95c5eb06cfcf,,新潟県,Niigata,2020-01-01T00:00:00.000Z,2025-10-09T16:00:47.887Z,,15
09619ec9-00b0-4764-946c-ee7a917a0665,6f77bd5d-3c20-49a9-8529-95c5eb06cfcf,,富山県,Toyama,2020-01-01T00:00:00.000Z,2025-10-09T16:00:47.887Z,,16
f3d48d38-5111-4f78-ac42-15af65ce6e55,6f77bd5d-3c20-49a9-8529-95c5eb06cfcf,,石川県,Ishikawa,2020-01-01T00:00:00.000Z,2025-10-09T16:00:47.887Z,,17
09806495-badb-4f1a-a974-2d7fdf0b0053,6f77bd5d-3c20-49a9-8529-95c5eb06cfcf,,福井県,Fukui,2020-01-01T00:00:00.000Z,2025-10-09T16:00:47.887Z,,18
8fbbc8a4-5642-42e6-a739-4731256b5027,6f77bd5d-3c20-49a9-8529-95c5eb06cfcf,,山梨県,Yamanashi,2020-01-01T00:00:00.000Z,2025-10-09T16:00:47.887Z,,19
8b976134-5cd7-46ca-a2f3-1fbe680cf049,6f77bd5d-3c20-49a9-8529-95c5eb06cfcf,,長野県,Nagano,2020-01-01T00:00:00.000Z,2025-10-09T16:00:47.887Z,,20
ea666dc4-18ee-493c-86c0-ee092ed7a598,6f77bd5d-3c20-49a9-8529-95c5eb06cfcf,,岐阜県,Gifu,2020-01-01T00:00:00.000Z,2025-10-09T16:00:47.887Z,,21
ee488726-2289-446d-b94f-7694a4916244,6f77bd5d-3c20-49a9-8529-95c5eb06cfcf,,静岡県,Shizuoka,2020-01-01T00:00:00.000Z,2025-10-09T16:00:47.887Z,,22
e82688da-cf48-49b4-bc6d-527aaa097474,6f77bd5d-3c20-49a9-8529-95c5eb06cfcf,,愛知県,Aichi,2020-01-01T00:00:00.000Z,2025-10-09T16:00:47.887Z,,23
2fe2f8ff-f0b9-41db-a108-d204fae138f6,6f77bd5d-3c20-49a9-8529-95c5eb06cfcf,,三重県,Mie,2020-01-01T00:00:00.000Z,2025-10-09T16:00:47.887Z,,24
fc9e30b3-3a38-4b91-beac-1447fc77ee97,6f77bd5d-3c20-49a9-8529-95c5eb06cfcf,,滋賀県,Shiga,2020-01-01T00:00:00.000Z,2025-10-09T16:00:47.887Z,,25
48c68737-f786-467b-8460-53350ebdc559,6f77bd5d-3c20-49a9-8529-95c5eb06cfcf,,京都府,Kyoto,2020-01-01T00:00:00.000Z,2025-10-09T16:00:47.887Z,,26
0dc74ba5-aa74-477e-af5b-022a9ef25a54,6f77bd5d-3c20-49a9-8529-95c5eb06cfcf,,大阪府,Osaka,2020-01-01T00:00:00.000Z,2025-10-09T16:00:47.887Z,,27
b76ec808-7936-47ef-98c8-60194f856c65,6f77bd5d-3c20-49a9-8529-95c5eb06cfcf,,兵庫県,Hyogo,2020-01-01T00:00:00.000Z,2025-10-09T16:00:47.887Z,,28
927b4b48-07a0-4261-b055-affc60300c68,6f77bd5d-3c20-49a9-8529-95c5eb06cfcf,,奈良県,Nara,2020-01-01T00:00:00.000Z,2025-10-09T16:00:47.887Z,,29
8624aa89-ed66-443a-9c20-f05eca69ad8f,6f77bd5d-3c20-49a9-8529-95c5eb06cfcf,,和歌山県,Wakayama,2020-01-01T00:00:00.000Z,2025-10-09T16:00:47.887Z,,30
4d896f3a-c635-48c6-8e76-00590d6c6a20,6f77bd5d-3c20-49a9-8529-95c5eb06cfcf,,鳥取県,Tottori,2020-01-01T00:00:00.000Z,2025-10-09T16:00:47.887Z,,31
1329ca38-f3b7-449d-a36e-87a7a1b90fd4,6f77bd5d-3c20-49a9-8529-95c5eb06cfcf,,島根県,Shimane,2020-01-01T00:00:00.000Z,2025-10-09T16:00:47.887Z,,32
9dbb27a9-969e-4591-8542-3e757c34ba94,6f77bd5d-3c20-49a9-8529-95c5eb06cfcf,,岡山県,Okayama,2020-01-01T00:00:00.000Z,2025-10-09T16:00:47.887Z,,33
c3358f76-ffb4-405a-bab5-2dd039177bfe,6f77bd5d-3c20-49a9-8529-95c5eb06cfcf,,広島県,Hiroshima,2020-01-01T00:00:00.000Z,2025-10-09T16:00:47.887Z,,34
15838c17-a15d-48da-86af-f9eeba001106,6f77bd5d-3c20-49a9-8529-95c5eb06cfcf,,山口県,Yamaguchi,2020-01-01T00:00:00.000Z,2025-10-09T16:00:47.887Z,,35
3860d8a1-18a3-4fee-b278-0020c7f679f9,6f77bd5d-3c20-49a9-8529-95c5eb06cfcf,,徳島県,Tokushima,2020-01-01T00:00:00.000Z,2025-10-09T16:00:47.887Z,,36
afd635fc-f1f5-481b-a872-0085d8f515ee,6f77bd5d-3c20-49a9-8529-95c5eb06cfcf,,香川県,Kagawa,2020-01-01T00:00:00.000Z,2025-10-09T16:00:47.887Z,,37
41f19daa-a612-44df-9674-9953c10cada9,6f77bd5d-3c20-49a9-8529-95c5eb06cfcf,,愛媛県,Ehime,2020-01-01T00:00:00.000Z,2025-10-09T16:00:47.887Z,,38
74cb6781-1f61-46bc-a12c-e6c13b73480d,6f77bd5d-3c20-49a9-8529-95c5eb06cfcf,,高知県,Kochi,2020-01-01T00:00:00.000Z,2025-10-09T16:00:47.887Z,,39
ec957b72-ca25-4478-bbc8-7e052fb7c28a,6f77bd5d-3c20-49a9-8529-95c5eb06cfcf,,福岡県,Fukuoka,2020-01-01T00:00:00.000Z,2025-10-09T16:00:47.887Z,,40
2192d39d-9d20-4307-b6b2-e45a81d71b05,6f77bd5d-3c20-49a9-8529-95c5eb06cfcf,,佐賀県,Saga,2020-01-01T00:00:00.000Z,2025-10-09T16:00:47.887Z,,41
682f7240-c5f2-4843-84e9-e6f3344dd7c4,6f77bd5d-3c20-49a9-8529-95c5eb06cfcf,,長崎県,Nagasaki,2020-01-01T00:00:00.000Z,2025-10-09T16:00:47.887Z,,42
0f8bf873-7046-48bc-9d1e-caa51402ec57,6f77bd5d-3c20-49a9-8529-95c5eb06cfcf,,熊本県,Kumamoto,2020-01-01T00:00:00.000Z,2025-10-09T16:00:47.887Z,,43
bebaaf14-04bd-45c1-a340-8a1dfd8d7495,6f77bd5d-3c20-49a9-8529-95c5eb06cfcf,,大分県,Oita,2020-01-01T00:00:00.000Z,2025-10-09T16:00:47.887Z,,44
f2e2a907-7972-44ed-a006-412914025729,6f77bd5d-3c20-49a9-8529-95c5eb06cfcf,,宮崎県,Miyazaki,2020-01-01T00:00:00.000Z,2025-10-09T16:00:47.887Z,,45
c4816170-f38c-4037-8b40-b037890f569a,6f77bd5d-3c20-49a9-8529-95c5eb06cfcf,,鹿児島県,Kagoshima,2020-01-01T00:00:00.000Z,2025-10-09T16:00:47.887Z,,46
24c3be5f-3411-4f3d-bd84-3d4f1fd652ee,6f77bd5d-3c20-49a9-8529-95c5eb06cfcf,,沖縄県,Okinawa,2020-01-01T00:00:00.000Z,2025-10-09T16:00:47.887Z,,47
6c1d1014-8e27-46db-8f37-e632c5b85523,f234b65f-7f3b-4be0-ae2f-6589c97986ce,,いも類,tubers,2020-01-01T00:00:00.000Z,2025-10-09T16:00:47.887Z,,1
47ab0494-5d82-4415-9f31-3b036cb0d1a5,f234b65f-7f3b-4be0-ae2f-6589c97986ce,,果樹類,fruit-crops,2020-01-01T00:00:00.000Z,2025-10-09T16:00:47.887Z,,2
8ead74e8-f4c0-458a-9aac-99a076a5764b,f234b65f-7f3b-4be0-ae2f-6589c97986ce,,豆類,legumes,2020-01-01T00:00:00.000Z,2025-10-09T16:00:47.887Z,,3
5b7def81-3b12-44b2-b71d-7db30155f2f0,f234b65f-7f3b-4be0-ae2f-6589c97986ce,,麦類,cereals,2020-01-01T00:00:00.000Z,2025-10-09T16:00:47.887Z,,4
a3dd61cb-40f9-45a1-bbe7-8294ae5a7985,f234b65f-7f3b-4be0-ae2f-6589c97986ce,,水稲,suito,2020-01-01T00:00:00.000Z,2025-10-09T16:00:47.887Z,,5
a256480c-2656-4370-b6e0-ccfffd55726d,f234b65f-7f3b-4be0-ae2f-6589c97986ce,,野菜,vegetables,2020-01-01T00:00:00.000Z,2025-10-09T16:00:47.887Z,,6
29b9acd1-350e-4668-813c-6b8d3d1c22d6,f234b65f-7f3b-4be0-ae2f-6589c97986ce,,花き,kaki,2020-01-01T00:00:00.000Z,2025-10-09T16:00:47.887Z,,7
7a5f05a6-52eb-4a41-a636-1c316b01d582,f234b65f-7f3b-4be0-ae2f-6589c97986ce,,その他,other,2020-01-01T00:00:00.000Z,2025-10-09T16:00:47.887Z,,8